,旅游者类型,昵称,时间,日期
0,家庭,绯村瑶,2016-10-10,"由于公司休假比较奇葩, 所以国庆放假没几天, 所以这个周日正常休息, 正好难得和大家错开, 于是就选择这天来长隆水上世界, 正好, 广州长隆所有的也就差这家没去过了, 票买的, 两个人, 去了以后才知道, 为神马那么便宜, 因为夜场没了呀, 所以差不多只能玩到五点半, 本来打算早早起床但是无奈爬不起来, 于是差不多一点钟才入园, 不过还好, 感觉时间够用, 因为根本没啥人, 很多项目不用排队不说, 还拼不够人数一起上, 欢喜, 先说入园, 看了大家说的, 于是买了水, 四瓶, 结果最后只喝了一瓶半多, 吃的不能带, 检查很仔细, 玻璃瓶也不行, 比如香水, 不过可以免费寄存在门口的寄存处, 出来时候拿就好, 我是很怂的人, 玩这些胆子特别小, 属于不怕转圈, 超怕失重那种, 玩迷你海盗船都会哭死, 所以我以个人角度说一下各个项目, 巨蟒, 挺有意思, 上去时候和一家人一起, 女孩子跟我说玩过了一点不刺激, 结果全程比我叫得还大声, 巨洪峡, 要穿着安全服和泳圈, 比较一般, 一点没有吓人, 就飘一下, 衣服太大, 我手撑得好累, 巨兽碗, 进去玩的第一个项目, 四个人, 一口气玩了两次, 挺好玩, 有点小刺激, 漂流河, 觉得最坑的一个项目, 还要花钱租泳圈, 四十双人, 飘了四十多分钟, 感觉都要升仙了, 超级慢, 而且没有浪, 就是泡在水里随波逐流的感觉, 造浪池, 上面租的泳圈可以在这玩儿, 然并卵, 并没有什么多出来的趣味性, 我情愿自己冲过去, 疾驰, 朋友玩的我没敢, 大滑板, 朋友玩了我没敢, 大喇叭, 虽然是大热门, 我也怂了没敢, 垂直极限, 我和朋友都怂了, 没敢, 喷射滑道, 我扛着滑圈儿上去了看到前面的妹子怂了, 于是我也怂了又跑下去, 后来被玩完的人欺骗说最不刺激的就这个, 于是又爬上去, 结果果断吓死, 明明我玩的最刺激的就这个了, 不过真的很刺激很好玩, 但是不要有第二次了, 离心滑道, 只开了两个水道, 不吓人, 挺好玩, 一个封闭, 一个露天, 差不多感觉, 夏威夷水城, 只开放红的和绿的, 红的比绿的吓人一点, 但是总体都一般, 进去存包也要花钱租柜子, 大的五十, 随身带的不贵重的可以放在每个游乐设施的旁边小筒子里面, 会送一个小筒可以装一些钱啊什么, 没有送防水袋, 建议提前买, 洗澡时候建议自己带洗头洗澡浴巾因为没有提供, 有租的但是不便宜, 除了个别女服务员, 其他的态度都不错, 只看了造浪池五点左右的表演, 好可怜, 人太少, 老外乐队们唱的卖力, 但是气氛起不来"
1,家庭,M13****501,2015-09-02,"特别好玩, 早早地把项目玩了个遍, 剩下的时间都在造浪池玩, 有一点不喜欢的就是那种从高高躺着滑下来的, 到底了水会冲进鼻子直至腹腔呀, 建议工作人员开发一个新的滑前姿势, 当然最喜欢的是大喇叭, 连着排队玩了好几次, 缺点是老公和另一对夫妻的老公要搬那么大个底座爬那么高, 觉得太辛苦, 可惜的是当时不敢睁眼, 现在想想好可惜, 下次有机会再去一次要睁着眼, 哈哈"
2,家庭,大大大只芬,2014-10-21,"设施很多, 特别是极限滑梯和大喇叭, 很刺激, 绝对要有强壮的心脏, 而且离地铁站也挺近的, 就三号线汉溪长隆站下走过去就可以了, 里面是禁止带食物入园的所以亲, 不要带食物进去哦, 可是会检查的哦, 还有不要带太多行李, 里面是要租柜子的, 元一个"
3,家庭,M17****394,2016-08-06,"长隆欢乐世界, 水上乐园一日游计划, 一, 前期准备, 衣服两套, 泳衣一套, 拖鞋一双, 毛巾一条, 洗漱用品, 沐浴露, 洗发水, 护发素, 洗面奶, 牙膏, 牙刷, 护肤品, 防晒霜, 一次性雨衣, 防水手机袋, 遮阳帽, 二, 出发游玩, 年, 月, 日晚上出发坐高铁去广州南, 休息一晚第二天早上, 点出发去长隆, 一日游的通票可以两园之间不限次数的游玩, 出发前可先将泳衣穿在里面, 随行的包里放一套换洗的衣服和毛巾, 别忘了拖鞋和洗漱用品也是要带的, 自驾游的话可以导航到长隆水上世界正门, 坐地铁的话坐地铁三号线到汉溪长隆站, 出口, 走过两座天桥, 你就可以看到大喇叭的一部分了, 顺利进去后先储物, 储物柜小柜, 元一个, 押金, 元, 带上手机, 钱这些必需品就可以了, 怕晒的建议带上防晒霜, 不过也可以隔几个小时回储物柜涂一次, 园区内提供, 电子钱包, 储值腕带消费服务, 腕带是防水的, 可以充值, 设置密码消费, 这样只要拿上手机就可以愉快的玩耍了, 然后通过两园之间的通道去欢乐世界, 营业时间, 预计游玩时间为, 点, 点, 正门, 白虎大街, 在门口记得要取阅游园指南, 长隆国际马戏大剧院, 尖叫地带, 中央演艺广场, 旋风岛, 十环过山车, 龙卷风暴, 大力水手, 型滑板及飓风飞椅, 幻影天地, 欢乐水世界, 哈比儿童王国, 森林神庙, 急流勇进, 碰碰船, 海盗漂流, 都是儿童玩的, 彩虹湾, 国际特效剧场, 垂直过山车和超级大摆锤, 旁边的通道可进入水上乐园, 南门, 计划先从南门开始玩, 水上乐园, 注意防水和防晒, 营业时间, 预计游玩时间为, 点, 点, 园内最刺激的项目为, 高速滑道, 超级大喇叭, 超级大滑板, 急驰竞赛, 巨兽碗, 都是心跳指数爆表的项目, 需要注意的是巨兽碗和大滑板, 都是需要, 个人一起才能玩的, 大喇叭是, 个人可以玩的, 人数如果不够的话, 可能要找陌生人凑数, 另外值得玩的项目有, 漂流河, 和, 造浪池, 双人浮圈, 元一个, 押金, 元"
4,家庭,tb93058566,2015-04-24,"里面有很多好玩的, 刺激的, 是夏季玩耍的好地方, 水上乐园人实在很多, 排队很浪费时间, 所以如果条件允许, 最好避开周末, 工作日去, 建议中午在附近吃完饭, 然后进园游玩"
5,家庭,卖女孩的小火柴,2015-08-22,"跟女朋友一起玩的很开心, 十环过山车, 垂直过山车, 摩托过山车, 大摆锤都特别的刺激, 的星际电影体验也是一级棒, 还有千万别错过园区的表演, 例如那个特效表演, 演员不仅专业, 而且还敬业热情, 总之不错希望以后能有个鬼屋, 女朋友想去鬼屋可是没有, 很遗憾"
6,家庭,stevenkai,2017-10-09,"国内最给力的水乐园, 人很多就是, 项目多, 排队时间稍微有点长"
7,家庭,202****302,2016-08-16,"整个园区很大, 游乐设施很多, 适合小朋友玩耍, 园区内吃的喝的很贵, 暑期, 人太多"
8,家庭,旅行与行走,2016-04-09,"很不错的景点, 推荐, 很好玩, 年去的, 年还想去"
9,家庭,乐悟吃凹,2016-03-28,"来广州时间充沛必须去的地方, 水上乐园有些冷没玩, 尤其大马戏太好看了, 建议此处, 日游, 大夫山, 长隆, 沙湾古镇, 这几个离得很近"
10,家庭,_WeCh****22985,2015-09-12,"人挺多的, 就是搭地铁的时间耽误了, 个小时, 排队玩游戏, 人较多, 要很长一段时间"
11,家庭,兔子不乖没人爱,2015-09-07,"没挑节假日去, 不是很多人, 排队很快, 也很好玩, 就是里面的食品贵得离谱, 肚子饿得不得不吃啊"
12,家庭,118****847,2015-08-30,中午前务必加油林总沟通同时利息肉丝毫不犹豫中区销售下周五点到武汉咸宁市场湖北地税武汉咸宁湘菜市场价钱多产生美好像个落实一下吗特别的电话面有合同拿来好请大家提醒醒了吗
13,家庭,D74****42,2015-08-28,"这次海洋王国之行非常满意, 留下了美好回忆, 本人非常喜欢海洋动物, 园内的海豚, 白鲸的表演水平高, 冷气也开得很猛, 鲸鲨馆里的设计非常棒"
14,家庭,210****605,2015-08-25,"节假日人很多, 大喇叭等大项目排队大概排了, 分钟, 好晒, 一定要注意防晒, 不然不知不觉晒伤了"
15,家庭,M22****059,2015-08-25,买票方便天气太热了已经晒黑要花钱保管和租泳圈
16,家庭,Jayden,2015-08-17,"好刺激, 好嗨, 炎炎夏日你值得一去, 哈哈, 确实不错, 一家人适合去过个周末"
17,家庭,xu思思思,2015-08-15,"就是不要天气太热的时候去, 不然会被晒伤的"
18,家庭,HolyWong,2015-08-15,"这次和朋友, 个人一起来的, 除了大喇叭市比较旧的设施, 其他都装有橡皮艇运送轨道, 就大喇叭自己搬橡皮艇挺累的, 其他都好玩而且景色又好, 不过去水上乐园夜也要注意时间, 太阳晒的话很容易晒伤, 这次是我第, 次来水上乐园, 基本每次都是大太阳, 然后又晒伤, 总的来说, 不错, 不过还是觉得门票略贵了一点"
19,家庭,M2Q1314,2015-08-14,"刺激好玩, 即使太阳特别毒, 也愿意着比基尼暴晒"
20,家庭,M23****076,2015-08-12,"里面的东西超级贵, 其他的还是不错的"
21,家庭,M15****913,2015-08-11,"自己带好吃的喝得才行, 里面任何东西都是那么贵"
22,家庭,206****885,2015-08-11,"表演很精彩, 总得来说还是挺值得一去的乐园, 大型的设施以及较完善的管理服务真棒, 就是人太多了"
23,家庭,M22****803,2015-08-08,"都是排队的时间过的, 一晚才玩了两样东西, 食物好贵"
24,家庭,宋文杰,2015-07-30,"玩了整整一天, 真的很好玩, 还有节目可以看, 还有大马戏简直太棒了"
25,家庭,M22****289,2015-07-30,超级好玩玩了一整天只剩下三个项目没有玩了不过回来也虚脱了
26,家庭,M21****576,2015-07-26,"好玩不过人好多, 还感冒了, 下雨好冷, 不过晚上人少, 可能比较好"
27,家庭,D20****618,2015-07-03,"真的很刺激, 不过每一个都要排队, 很麻烦, 而且我是周一去的, 可想周末更多人了"
28,家庭,lulustar,2015-06-08,"景区里面游乐设施齐全刺激, 适合一家大小出游, 没有白天那么晒, 而且晚上的节目还是很丰富"
29,家庭,樊崽子,2015-06-08,"里面的设施多不胜数, 有很多刺激的游乐项目, 后来发现热浪岛冲浪更好玩, 又不用钱, 三人套票划算"
30,家庭,xinnian05,2015-05-31,"那里服务态度真差, 态度恶劣, 去那里玩受气啊"
31,家庭,186****3626,2015-05-27,"园内娱乐设施很多, 吃的小贵, 配套齐全, 去的那天人不多, 基本上都玩光了, 太好玩了"
32,家庭,tanyan227,2015-05-16,"月底去, 天气还冷, 还好水很温, 玩得挺开心, 很刺激的大喇巴"
33,家庭,tb93058566,2015-04-22,"长隆的水上乐园还是蛮好玩的, 炎炎夏日, 来这里玩水, 游泳, 体会亲水的乐趣, 消暑降温, 有专门为孩子设计的宝贝水城和亲子滑道, 适合家庭出游, 带孩子游玩, 里面的水还是挺干净的"
34,家庭,juniezhu,2015-01-08,"哎, 唯一的感叹就是人超级多啊, 都是人, 本来想玩一个很普通的滑梯, 竟然还排队很久哦, 里面的游戏好刺激, 夏天避暑戏水的好地方啦"
35,家庭,M91****00,2014-07-29,"哈哈, 美女如云啊, 只可惜了我身材不好, 不敢下水"
36,家庭,_CFT01****4776350,2014-07-25,"时间段, 在中午去其实也不会晒, 傍晚很多人的, 然后巨洪峡好好玩又不用排队, 在里面因为玩饿了所以买了个普通的鸡腿吃也很好味, 总的就是赞, 最好自带防水袋装手机里面很贵"
37,家庭,俏厨娘rebecca,2014-07-06,"项目很多, 大人和小孩的都能找到合适的项目, 间隔一段时间还有巡游表演, 很欢乐园内有餐饮服务, 价格有点小贵, 不过味道还可以, 胜在方便, 唯一让我不喜欢的, 就是每次去人都很多, 一个项目要等十几分钟到半个小时不等, 真正玩一两分钟就结束了, 非常考验大家的耐心"
38,家庭,134****5898,2014-06-30,"水上乐园很好玩, 门票便宜, 里面玩的东西也非常多, 很适合夏天去玩"
39,家庭,189****3908,2014-06-25,"真的很舒服很好玩也很充实, 新加了很多项目, 假期旅游很适合"
40,家庭,135****9823,2014-06-05,"交通便利, 容易找, 价格实惠, 最主要是很安全刺激"
41,家庭,189****6869,2014-06-05,"不得不说, 在工作日时候过去人少了好多, 下午两点多到晚上七点多, 玩完了所有项目, 每个项目排队时间不超过三分钟, 建议大家上网买好手机防水袋, 能把手机带进去拍照, 总得来说还是很好玩的"
42,家庭,133****3567,2014-06-05,"我们, 点半到水上乐园, 玩到, 点去大马戏, 觉得水上乐园很刺激, 很好玩, 不过真的很累啊, 一天下来晒黑了不少, 建议大家去之前准备粮食, 因为里面东西很贵, 一条热狗也要十元, 不过是加长的, 租柜子放东西也要二三十块, 这点其实我是挺不满意的"
43,家庭,_ucwe****715266,2014-05-08,"乐趣多多, 惊险刺激, 蛮好玩的, 可以挑战自己的胆量, 值得一去"
44,家庭,ra****ip,2014-05-01,"是我玩过最刺激的水上世界了, 大喇叭一定要体验, 不管会不会游泳, 在大叫过程中好好喝几口水吧, 暑假还经常有嘉年华哦, 很多美女帅哥巡游, 大家一同狂欢呢, 不过, 人太多了, 还是尽量挑个非节假日去玩吧"
45,夫妻,wanglengzhi,2015-06-10,"挑, 月来就是为了带孩子玩水, 长隆水上乐园应该是北京同类设施至少五六倍大大, 北京的以室内居多, 这个全露天, 从正门进来先更衣, 办理库存, 押金, 租金, 还可以办电子钱包手环, 这样拿上水, 防晒霜, 手机你就可以畅玩了, 园区有卖防水手机袋, 最好买一个, 挺有用, 进园右手边是刺激的成人项目, 我们带娃就忽略了, 左手方向是儿童项目, 园区要求不满, 米儿童都要穿救生衣, 到处都有大车, 车里一车一车的免费救生衣, 所以游泳圈不用带哈, 小朋友在儿童区玩, 了, 滑梯好几个, 玩差不多了又跟爸爸玩了两回小喇叭, 高兴的不得了, 在往里走是巨型冲浪池, 真的好大, 像沙滩一角, 冲浪池边躺椅一排排, 冲浪池对面泳池有漂流入口, 可以在旁边租两人或三人泳圈去漂流, 这种大泳圈还能在冲浪池里用, 旁边还有至少三处惊险刺激的项目, 一群人站水里等着一大刚水满了浇下来, 看的我娃张大了嘴, 吃饭可就地解决, 到处都有吃饭的地方, 泳池散落在游艺区里, 一块块的中午水温有, 度, 小朋友游的不愿意走, 工作人员卡位比较及时, 经常发出提醒, 还有白色沙滩都没来得及去, 售票处有家庭票卖, 两大一小"
46,夫妻,皮皮人,2015-06-29,"人太多太多了, 幸亏住的长隆酒店, 可以快速玩, 个项目, 就这还有拍, 多分钟的队伍, 没有优先的玩大喇叭要等, 个多小时, 儿子, 岁多, 米, 经典的, 个项目只能玩, 个, 其他都不行, 但他也是挺开心的, 不过不会再来了, 人多是硬伤啊"
47,夫妻,slkwofgigj,2014-09-11,"首先要说的是水上乐园游乐设施设备是挺多的, 适合成人玩, 门票也不便宜, 坑爹的是进去发现很多项目要用橡皮艇, 我们住长隆酒店, 直接进去, 没有带钱, 又不能记酒店账单, 也没有明显的提醒游客, 郁闷, 朋友小孩上小学, 个头较大, 刺激项目不敢玩, 小朋友的项目不让玩, 结果一行五人买了五张票, 在里面逛街, 坑爹啊, 来长隆最郁闷的点"
48,夫妻,186****1725,2014-09-10,"玩的项目很棒, 尤其是儿童水上乐园和沙滩都很好, 孩子玩儿得很尽兴, 晚上回来就睡了, 建议自带泳衣和拖鞋, 浴巾, 购置这些您得花差不多"
49,夫妻,E40****64,2015-07-26,"项目整体和郑州方特水上乐园相当, 绿色环境会好一点, 但最不好的就是不让带食品, 没有考虑民族问题, 回民没有办法吃饭, 玩一天, 小孩跟着受罪, 忍饥挨饿, 真垃圾"
50,夫妻,288****461,2014-06-06,"很好玩刺激的地方, 比上海热带风暴什么的好太多了, 这次主要带女儿来玩, 成人的玩了没几个, 小孩子最喜欢亲子游玩了, 人也少, 小喇叭, 眼镜蛇, 滑梯, 跟成人的一样, 就是降低了危险, 让小孩子也体验了一下刺激的游戏"
51,夫妻,星期天0188,2017-08-22,"暑期, 一大一小, 的门票, 人很多, 早上开门就进去了, 上午各项目排队还好, 半小时以内肯定没问题, 下午明显人多了好多, 造浪池里很多人, 中央舞台有表演, 伦敦什么的乐队, 下午有水上飞人, 岸上也有, 物价很贵, 最便宜一份饭, 水池边的饮料卖的贵, 人少处的商亭便宜, 最便宜的一瓶水也是, 块钱, 出门打车一定要用滴滴, 千万不要上正规出租车, 正规出租到了长隆那里, 一点都不正规, 漫天要价不打表, 我从万达到长隆, 滴滴两次都不到, 正规出租上车就一口价, 不打表"
52,夫妻,吴晴天,2015-10-14,"在儿子上大学前, 带儿子一起去了趟水上乐团, 感觉是小盆友的乐园, 十八岁的儿子玩的挺开心的, 项目大多就以冲浪为主, 好玩的就是大喇叭, 合家欢, 人造冲浪了, 其他就一般般, 因为是在网上买的票, 就带着泳衣直接去了, 到那里才知道要收费寄存衣物, 害得我俩到哪里都抱着衣服, 有点晕, 这个就不能人性化一点"
53,夫妻,慕容云海,2016-03-05,"世界上最大的水上乐园就是不一样, 爽翻了"
54,夫妻,133****0733,2015-08-07,"夜场的冲浪晚会很赞, 劲歌热舞, 孩子都看得不想走"
55,夫妻,300****632,2014-10-01,"性价比一般, 时间不够玩, 很多项目有限制, 一下不能玩, 不过还是有很多适合小孩玩的的, 有的还是温水赞一个, 讨厌那个殷勤地带你去看相片的工作人员, 块一张, 门口的的哥不地道, 坐地起价, 还是叫了了酒店的接送车"
56,夫妻,M23****862,2015-09-02,"还不错, 建议来玩, 月份去门票便宜些, 我赶在, 月底, 好贵的门票"
57,夫妻,_wap1****6633,2015-08-09,"水上乐园设施很完善, 设施合理, 每个区都有人负责人员的安全, 我们玩的是亲子园, 里面的水是温的, 因为孩子小我们就玩了漂流, 小喇叭, 孩子玩的开心不想走, 里面的吃的很贵哟, 米饭套餐, 元一份, 鸡腿, 元一个"
58,夫妻,依依,2015-08-03,"夜场很好, 不晒, 灯光又美, 正好赶上水派对, 很, 大家一起泼水, 玩疯了"
59,夫妻,Joe123,2015-08-02,"六一儿童节过去的, 超多家长带着小孩子, 娱乐设施很多, 小孩子都要穿救生衣, 免费的, 里面每个设施都有救生衣在, 安全方面做得挺好, 小孩由早上十点多玩到晚上七点都还不愿意走, 真的服了他"
60,夫妻,孙娟,2014-09-15,"网上订票免去排队买票的辛苦, 拿票方便快捷, 里面人很多, 很多游玩项目都要排队很长时间, 儿子很喜欢, 在儿童乐园玩得非常开心, 推荐白天去玩, 虽然很晒, 但在水里不会感觉很明显, 还好没有买晚上的票, 晚上, 点过单独穿着泳衣就有点凉了, 小孩子的话也怕感冒"
61,夫妻,M24****4866,2018-08-18,"非常好玩, 尤其长隆熊猫酒店小孩很喜欢, 酒店带水上乐园套票两天多次进园很方便, 酒店还送, 用餐券, 美食也不错, 很适合家庭游玩"
62,夫妻,俏影人生1985,2016-08-18,"太好玩了, 也很刺激, 小孩玩得很开心, 天黑都不舍得回去"
63,夫妻,M23****600,2015-08-24,"水上世界真心是孩子们的最爱, 从早上九点半开园玩到晚上七点半, 你们说孩子们有多爱, 这种参与式的游玩, 真心是适合孩子, 里面各种项目, 值得一玩"
64,夫妻,彭艳,2015-08-17,"挺好的, 带小孩去, 小朋友很开心, 就是太阳太大, 穿了外罩衫带了帽子也被晒得黑秋秋的, 就是有些东西小朋友不能玩, 有点遗憾"
65,夫妻,zxcvbn-12333,2014-10-05,"玩的项目很多, 尤其是儿童的项目也很丰富, 小孩玩的是流连忘返不肯出门, 唯一的缺点是因为晚上本来玩的时间就不多, 星光票, 点半开始但是票也要, 点半开始卖这样就白白浪费了半个多小时玩的时间, 其他设施什么的都很棒"
66,夫妻,知知,2014-08-28,"水上乐园, 孩子的天堂, 一下水, 就不肯起来, 太阳再晒也不怕, 虽然小朋友不能去大项目, 但都有迷你版哦, 也很过稳呢, 很多项目还是会排队, 但很值得, 气氛超好"
67,夫妻,风雪,2019-08-28,"以下的孩子基本没什么可玩的, 服务也超差, 全程烈日爆晒, 都晒脱皮了"
68,夫妻,与伊戈同行,2018-10-11,"很不错, 适合和朋友或者带小孩来玩, 但是节假日人会有点多"
69,夫妻,lcclcllc,2017-08-08,"天气炎热的好去处, 有很多好玩的水上设施, 排队的人也不算太多, 保管箱有大小两种规格, 存放后可多次打开"
70,夫妻,bradytang,2016-06-13,"在乐园门前停好车, 发现还要走长长的一段才到售票处, 买票要排好长的队, 之后寄存物品排队, 拿到钥匙把东西放到储物柜时发现雨伞放不进去, 问过后得知要另外寄存, 又是长时间的等待, 等啊等, 太阳越来越高越来越毒却仍然在外面徘徊, 回来后发现不但晒黑了很多, 而且在一两天内, 一家三口全部发烧"
71,夫妻,顿勇,2015-11-20,"两日一夜, 景区可以说是国内顶级, 达到国际先进水平了, 景区有, 家酒店, 企鹅酒店步行, 分钟, 马戏酒店步行, 分钟, 但距离马戏剧场, 分钟, 各项表演非常好看, 晚上, 点油烟花汇演, 很精彩, 看上去贵, 但老人家们都说性价比高"
72,夫妻,M23****213,2015-10-04,"月份暑假带小孩去的水上乐园, 小孩子玩得很嗨, 很过瘾, 确实感觉玩的东西挺多的, 就是太大了, 容易迷路呀, 所有小孩能玩的都玩到了, 小孩印象最深的是眼境蛇, 有点刺激, 唯一感觉有点不好的是, 人太多了, 玩一个项目要排好长的队呀"
73,夫妻,alllifea,2015-09-28,"还好吧, 与图片有点偏差, 但蛮好看的, 能放松自己"
74,夫妻,M24****365,2015-09-11,"真好玩, 可惜我们时间不够, 没能玩晚上, 值得再去一次"
75,夫妻,任豆豆妈妈,2015-09-07,"每一项都想玩上好多次, 太有意思了, 只是几个好玩的项目排队的时间有点长, 没办法水上项目只能天热去玩"
76,夫妻,187****9992,2015-09-02,"夏天的好去处, 一家人玩的很开心, 下次还会去"
77,夫妻,M23****899,2015-08-28,"进门, 一直玩到, 孩子们还意犹未尽, 可惜身高不够, 一些项目孩子们不能玩"
78,夫妻,138****8835,2015-08-28,"很开心的游玩, 特别是小孩子玩了一天都不想出来, 只是提醒大家记得擦防晒霜哦, 老公给晒惨了, 肩膀上都长水泡了"
79,夫妻,118****823,2015-08-28,"小盆友超级喜欢, 只是可玩的不多, 成人很"
80,夫妻,吉星麒麟,2015-08-27,"虽然带着孩子没有玩大人的项目, 但只要小家伙开心就行, 疯玩了整天, 皮肤都呸哂了"
81,夫妻,M23****394,2015-08-27,太棒了好久没有玩得如此开心期待下一次的到来
82,夫妻,邱珠珠糖,2015-08-27,"这里大人孩子都喜欢, 可以泡水又可以玩项目, 漂流也不错, 大喇叭不像看着的那么恐怖"
83,夫妻,_WeCh****63505,2015-08-27,"很好玩的地方, 玩了四个小时还没尽兴, 下次要玩一天"
84,夫妻,m64****78,2015-08-27,"项目很好玩, 小孩玩了, 个小时还不愿离开"
85,夫妻,cyy要和肥对抗到底,2015-08-27,"十一点到的, 晚上五点半走人的, 直接被晒伤, 所以一定要做好防晒工作, 里面的寄存很贵, 小的三十, 大的五十, 还要押金, 没买防水套, 园区购买, 四十块一个, 吃的喝的都超级贵, 自己带东西啊, 但不要被发现, 设备其实也没几个, 就是占地面积够大, 人特别多, 好多项目小朋友不能玩"
86,夫妻,110****830,2015-08-27,"里面的游乐设施非常多, 适合孩子的也比较贴心, 工作人员对小朋友很, 孩子玩的特别开心, 晚上冲浪池的大型水上, 很嗨, 就是一米五以上才能进入前面的区域, 带小朋友的只能在拉线区域外玩水了, 总体来说很不错"
87,夫妻,230****625,2015-08-26,"园区不大, 项目很好玩, 推荐超级大喇叭, 巨洪峡, 尤其巨洪峡, 宝宝都要连续好几圈才肯上来, 早上人少, 建议一早进来先玩热门的项目"
88,夫妻,小虫BOSS,2015-08-24,"小朋友的乐园, 很好, 要是可以增添多点小孩的设施就最好了"
89,夫妻,M10****097,2015-08-24,"炎炎夏日, 玩水好去处, 里面有许多刺激的大型项目也有适合亲子的项目, 我和女儿玩了眼镜蛇和亲子滑道冲浪等, 玩眼镜蛇冲下次来那一刻尖叫声不断, 好刺激好玩啊, 只是星期天人比较多排队时间要半个小时, 注意不要带太多的零食, 安检的时候建议寄存的, 注意涂防晒和穿拖鞋"
90,夫妻,M18****485,2015-08-24,"水上乐园第一次去, 不知道, 米以下很多项目不能玩, 浪费了, 小孩不能玩, 大人也不能自己去玩, 这点我觉得应该在门票须知体现"
91,夫妻,M21****057,2015-08-23,"很惊险刺激, 沙滩乐园小孩玩得不亦乐乎, 环境非常美, 我们一家三口很喜欢"
92,夫妻,320****263,2015-08-22,"玩的是夜场, 人不算挤, 星空派对还是挺嗨的"
93,夫妻,张相博,2015-08-22,"一家人去玩了一天, 很开心, 很高兴, 还看了天天炫斗线下总决赛, 孩子很开心, 家人也很满意"
94,夫妻,139****8535,2015-08-22,"非常好, 孩子玩的很开心, 很适合亲子游, 推荐"
95,独自旅游,十年世事几番新,2017-04-22,"长隆水上乐园内的活动均需要穿游泳衣进行的, 最好进大门后, 穿好泳衣再进去, 园区内有储物柜可以保存行李, 当天可以无限次打开自己的储物柜, 不过储物柜比较小, 最好精简随身行李, 储物柜是收费的, 元, 个, 除行李外, 鞋子也是要放进储物柜的, 园区内还提供免费的悬挂式的塑料储物筒给你带备零钱, 因园区内的活动项目较多, 游客也多, 一般每个项目都要排队的, 半天是不够时间玩的, 所以要带备零钱用于中午购买吃的东西以便补充体力的, 得多带些, 园区内吃的, 喝的都很贵, 长隆水上乐园内最好玩的是大喇叭项目, 最好看的是巨洪峡, 在, 月是温水的, 内, 游客们的花式泡浪, 切记, 园区内只能携带, 毫升以下的饮用水, 需要当场试饮的, 其他饮料和食物均不能带进园区内的, 进门要开包检查的, 发现有带上述东东的, 需要在大门旁边的柜台寄存物品的, 水上乐园一般在, 月, 月之间开启的, 视天气而定, 开启当月会有相当大的优惠, 还会有一个万人比基尼活动, 挺难得又好看的活动, 如果你刚好想去玩, 就不要错过这个活动呵"
96,独自旅游,张家界小徐,2016-06-04,"长隆水上世界项目很多, 人也很多, 我和朋友爬起来到的时候都, 点多了, 太阳很大, 很晒, 项目很刺激, 玩儿的很过瘾, 一天下来, 好不容易保留下来白白的皮肤变成了黑炭, 朋友没有擦防晒霜, 全身晒得红肿, 脚也磨起泡了, 所以建议友友们去的时候一定要做好防晒工作, 另外, 里面物价很高, 一件泳衣三百多, 要在外面买好哦"
97,独自旅游,139****6128,2014-07-13,"一个项目就要排队两小时, 要进去玩时有些项目有服务员一定要我们穿泳衣才可以进去玩, 不是第一次去水上世界都没穿泳衣照样让我们玩, 估计是这些女服务员和里面得泳衣店有回扣, 卖票时怎么不说清楚, 爱穿什么是我们自己的自由, 我穿背心和短裤, 有些项目照样让我们玩, 男的服务员不会就是女服务员, 总体是好的, 但这点让人超不爽"
98,独自旅游,158****6620,2014-10-01,"很想再去, 垂直过山车真的吓死人的节奏, 当时不是旺季去的, 淡季, 很多广州那边的厂, 员工福利是这里旅游好像, 好多, 但是, 工人阿姨多么, 所以玩大项目也没怎么排队, 当然, 水世界更加好玩一点, 就是会晒伤"
99,独自旅游,_WB2****846,2015-08-08,"出发那天星期四, 但是并没有想象中那么少人, 那些刺激的项目还是老老实实的排队吧, 但是但是但是, 既然排队的地方已经装了电视, 难道就不能安排一些有内容的节目了吗, 难道就非要一直洗脑循环放那些没有营养又乏善可陈的广告不可吗, 作为一个游乐场所难道不能多站在我们的立场上改善游客的体验了吗, 难道非要用这种方法逼我们掏钱买手机防水袋了吗, 难道长隆就真的认为在烈日下搭个棚子, 一群人就可以开心快乐的排上一个小时的队了吗"
100,独自旅游,33号猪猪侠,2014-11-29,"长隆水上乐园是一个大型的水上乐园, 有多种刺激的玩水项目, 人造粮池, 大型舞台, 滑梯等玩水很不错的一个地方, 我每个夏天都会去的, 建议不要在节假日去, 人超多的, 排队时间较长, 有时候平均玩一个游戏要排, 分钟, 不能带任何吃物进场, 进场前有安检人员检查物品, 检查得非常仔细的, 如发现食品即要你先去寄存, 里面消费是非常高的, 一杯可乐, 元, 条肠仔, 元, 一个普通快餐, 元, 一个阿波罗雪糕, 元, 成人票, 元, 团购加上大马戏还有点优惠, 建议坐地铁, 号线抵达汉溪长隆站, 出口, 就可以坐免费穿梭巴士到水上乐园了"
101,独自旅游,anniekwok,2015-08-11,"跟朋友还有朋友的小孩去玩非常好, 虽然有些项目需要排队但是时间不会太长, 端午节当天去人也很多, 游玩时要多带点钱食品饮料有点贵, 存包时会送一个零钱包非常贴心, 一定要准备一个手机密封袋, 太有用了, 可以随时联系和拍照, 水上乐园, 大人孩子的水上天堂, 网上订票更优惠, 取票很方便"
102,独自旅游,童找找,2015-04-16,"很好玩, 虽然下雨, 但是是恒温的, 不冷哦, 大喇叭一定要玩, 超级刺激的, 因为住长隆酒店, 有专用通道, 很方便"
103,独自旅游,Lee2014,2015-09-07,"和朋友的两人游, 出游时天气阴天不会太晒, 刚刚好, 水上项目也多, 玩得很开心, 唯一郁闷的就是太多人, 要排好久队啊"
104,独自旅游,_CFT01****2265341,2015-08-30,"首先要说真的很好玩, 我们住的长隆酒店, 玩儿的是夜场, 五点就可以进园, 有, 通道, 几分钟就到门口了, 里面有很多刺激的, 也有很多小娃娃们玩儿的, 总之很不错, 水也很干净, 好评"
105,独自旅游,游游MVP,2014-12-07,"水上乐园, 孩子的天堂, 一下水, 就不肯起来, 太阳再晒也不怕, 虽然小朋友不能去大项目, 但都有迷你版哦, 也很过稳呢, 很多项目还是会排队, 但很值得, 气氛超好"
106,独自旅游,amy旅者在路上,2015-06-04,"这个水上乐园有许多的体验游玩方式, 而且还有水上精彩演艺, 可乘坐, 路, 番, 路, 番, 路等公交车到地铁汉溪长隆站下车乘坐免费穿梭巴抵达公园"
107,独自旅游,cd****ei,2014-11-06,"长隆的水上乐园一定要强烈推荐, 所有的项目设施都很好玩, 最刺激的是垂直极限, 急驰竞赛, 超级大喇叭都很刺激呀, 基本水上乐园实行一票制, 门票含园内的所有水上游乐项目及娱乐表演, 但乐园的餐饮, 购物, 储, 物柜或部分投币设施需另付费"
108,独自旅游,_WeCh****164652,2017-08-01,"蛮好的一次旅游, 实力推荐大喇叭和火山谷"
109,独自旅游,234****044,2015-11-07,"项目类型很全, 气氛很好, 环境保养的很不错, 建筑很有特点"
110,独自旅游,L秀Z,2015-08-09,"月份去的, 那天气温, 度, 从云南去还真有点不习惯, 还好都是玩水, 个人玩得很嗨, 就是下午才去都还没玩几项就晚了, 建议泳装什么的都从外面带去, 里面很贵, 吃的很贵"
111,独自旅游,Lion的小尾巴,2015-05-29,"夏天玩水得好去处, 就是要特别注意防晒, 每个项目都还蛮刺激的, 泡温泉和按摩都不错"
112,独自旅游,gosunny,2014-04-28,"好玩, 我们是一个旅游团来的, 那时候是夏天, 所以特别多人, 很多的设施排长队, 最长的要等一个多小时, 里面吃的东西有点贵, 又不能带食物进去, 在里面租浮圈要钱, 有分双人四人的, 保管箱也要收费, 在景区外面也可以寄存东西, 免费"
113,独自旅游,清清水一,2015-07-07,"很想再去, 垂直过山车真的吓死人的节奏, 当时不是旺季去的, 淡季, 很多广州那边的厂, 员工福利是这里旅游好像, 好多, 但是, 工人阿姨多么, 所以玩大项目也没怎么排队, 当然, 水世界更加好玩一点, 就是会晒伤"
114,独自旅游,M20****450,2015-06-23,"这个还是不错的, 主要是美女多, 我女友就是在这里找到的"
115,独自旅游,lcwaihqq,2015-06-17,"项目都玩了, 很好玩, 服务还算可以吧, 就是觉得为什么洗浴间不配沐浴露洗头水呢, 另外刚好电视台在录节目, 还有长隆自己的节目, 总体觉得还可以"
116,独自旅游,诗茵,2014-06-11,"天怅的, 人又不多, 玩[蛞簿团攀追昼就到了, 建h不要假日去, 肯定很多人的"
117,独自旅游,M31****832,2016-07-30,"景点不属于自然, 感观一般般啦, 游泳, 看了妖人跳舞, 马戏"
118,独自旅游,hansuyan,2016-06-24,"我是比较怕那些机动游戏的人, 太刺激受不了, 但是长隆水上乐园可以接受, 刚好, 月份还挺热, 水上乐园好清凉, 大喇叭挺不错的, 还有几个垂直项目非常刺激, 我只能看着我朋友玩了, 里面的游戏品种好多, 特别好玩, 朋友出游, 情侣出游的首选"
119,独自旅游,288****175,2016-04-29,"长隆水上乐园是我玩过最大最好玩的水上游戏, 是全亚洲最大, 世界上水上游乐设备最多最先进的水上乐园, 长隆水上乐园绝对是我所知道的世界上为数不多的最好玩的水上乐园之一, 在中国应该是最大最好玩的水上乐园了"
120,独自旅游,M35****968,2016-04-04,"在网上订景区门票从来没有遇到过这么差的网站, 有些事情只有体会了才知道携程到底有多么烂"
121,独自旅游,和烟柳,2015-10-05,"因为爸爸去哪儿, 所以和朋友过去的, 游玩项目还是很多的, 人也多很热闹, 赶上节假日, 排队也是很久的, 设施大小朋友过去吧"
122,独自旅游,亲爱的,2015-10-04,"很好玩, 就是面贵了点, 还有爬楼梯太累了, 玩得太激动了"
123,独自旅游,Ochive,2015-09-30,"绝对值得一玩, 但一定要自备拖鞋, 里面的非常贵"
124,独自旅游,嘉如,2015-09-18,"广东省短途出行最佳选择地, 垂直过山车必须要坐一回, 里面的机动游戏项目都务必要挑战自己小心脏一番, 还有精彩的节目表演, 里面坏境优美, 五颗星"
125,独自旅游,维尼KV,2015-08-27,"想着日场人多, 太阳晒就选了夜场的, 但是人还是很多, 很多项目都要排队, 但是还是玩的很开心, 三四个朋友一起去玩比较有趣"
126,独自旅游,138****8531,2015-08-27,"对于我这种追求刺激的人来说欠了那么一点点火候, 但是我朋友已经有很多项目不敢玩了, 玩了一天下来很尽兴, 非常适合消暑, 最好选人少的时候, 要不那些项目要排很久队"
127,独自旅游,灬唯丶爱灬,2015-08-25,"很赞很喜欢, 里面的设施也好多, 好好玩, 就是人太多勒"
128,独自旅游,迎风飞舞,2015-08-24,"去水上乐园一定要自带一个防水手机套, 这样才能拍照, 里面的东西买得太贵啦, 我们在餐厅点了两份饭, 一个, 元, 一个, 元, 大部分游乐项目都要排队, 排半个小时, 玩一两分钟就结束"
129,独自旅游,想    起,2015-08-24,"很不错的一个景点, 希望下次还能去到哪里"
130,独自旅游,琪宇,2015-08-23,"长隆水上乐园比欢乐世界更好玩, 这次是和几个朋友一起去玩的, 很不错, 玩的很开心, 下次还要继续"
131,独自旅游,M17****817,2015-08-17,"项目太刺激了, 大人小孩都可以玩, 不错哦, 以后有机会还是可以在去"
132,独自旅游,135****8155,2015-08-17,"刺激项目很多, 适合一家大小跟年轻人玩, 是一个身心放松的好地方"
133,独自旅游,M14****115,2015-08-14,"如果要玩一定要玩一整天, 因为晚上的表演很精彩"
134,独自旅游,原地踏步,2015-08-12,"长隆水上乐园是个好玩的去处, 蛮刺激的, 要啥有啥, 适合一家人去游玩"
135,独自旅游,精精小跑,2015-08-10,"价格合理, 只要有体力, 可以从开门玩到关门为止, 而且两个项目可以分成两天慢慢玩"
136,独自旅游,阿静,2015-08-08,"长隆水上乐园漂亮, 好玩, 招牌大喇叭很刺激"
137,独自旅游,M19****929,2015-08-08,"非常好, 很给力下次带朋友一块去玩它十次, 次"
138,独自旅游,286****850,2015-08-08,"项目挺多, 有些还是比较好玩的, 但是里面的配套设施很不齐全, 连毛巾, 吹风机, 这些必需品都没有, 让人很不方便, 入口旁边的这几个项目是最好玩的"
139,独自旅游,Kabinryou,2015-08-04,"不错啦, 很好玩, 挺喜欢滴, 玩的好开心, 不过就是晒黑了, 呜呜"
140,独自旅游,米米麽,2015-08-04,玩了一整天看了大家发的评论准备好了去的每个项目都等挺久的但是特别刺激饭很贵水可以自己带
141,独自旅游,M12****768,2015-08-03,"感觉蛮好玩的, 项目玩的很爽, 就是人有点多, 排队要点时间, 建议不要双休日去"
142,独自旅游,rouwan,2015-08-01,"性价比不是很高, 但是玩的还是挺开心的玩水"
143,独自旅游,即安,2015-08-01,"平常, 元的门票, 暑假, 无语"
144,独自旅游,说走就走,2015-07-26,被坑了美团需要提前预约没办法只能临时买票不过跟妹妹她们一起挺好玩的可惜妈妈很多都玩不了每年夏天都会玩很多次啊
145,商务,_WeCh****16615,2015-07-12,"水上乐园是孩子的最爱的了, 玩的开心极了"
146,商务,_wb1****082,2015-07-11,"带着孩子来这里戏水, 游玩很不错的, 欢乐的海洋"
147,商务,acay,2014-07-27,"长隆水上乐园之旅, 好累好开心, 最怕最紧张的不是超级大喇叭, 不是巨浪, 而是滑梯, 落地那一刻明明是平面, 却感觉似自由落体垂直向下, 停了也没知觉, 然后被扶起, 全身都软"
148,好友,空空空,2015-03-21,"长隆水上乐园作为全国著名, 世界闻名的大型水上乐园, 作为目前世界上至大, 至先进, 水上游乐项目至多的大型水上乐园, 长隆水上乐园几乎所有的设备均由国外原装进口, 且有众多荣获国际大奖的顶尖项目, 很刺激, 值得去玩"
149,好友,M24****708,2015-09-18,"人多点好玩点, 项目还可以吧, 一个人稍显无聊, 水都不是很深"
150,好友,153****3133,2015-04-18,"现在已经开业了不过人不多, 再过段时间再去肯定好玩"
151,好友,Andy,2015-03-29,"水上乐园确实不错, 节目多, 水源干净, 小盆友玩的很嗨"
152,好友,游游女神,2014-11-22,"好多项目, 最喜欢大喇叭, 不玩机动游戏喜欢水的朋友推荐来, 不过最好避开周末和暑假, 要不要排好就才能玩一个项目, 还有注防晒, 第一次去就晒伤了"
153,好友,爱上717,2014-11-08,"储值腕带的充值无需押金, 金额从, 元至, 元不等, 余额可全退, 在储值柜台办理即可, 景区内不提供冲凉时的洗涤用品及毛巾, 须自备"
154,好友,上海音然,2014-10-23,"长隆水上乐园实在非常有名, 所以如果遇见周末, 甚至可能遇见没有储物柜的情况, 所以如果出行, 随身东西不要带多"
155,好友,新鑫123,2014-10-16,"如果出行, 随身东西不要带多, 园区内提供, 电子钱包, 储值腕带消费服务, 非常方便, 腕带是防水的, 可以充值, 设置密码消费, 感觉很高大上的样子"
156,好友,136****4230,2014-10-13,"景观以亚热带的植物和花卉为主, 形成一个自然且放松的环境, 它是国内非常出名的水上乐园, 夏日的最佳选择, 推荐一下"
157,好友,135****5813,2014-07-09,"游园里设施不错, 比北京欢乐谷更刺激, 经常探险的, 办个年卡更加实惠, 玩得正高潮时来了场大风雨降温"
158,好友,i游走的虎,2014-07-03,"一个很大的亲水乐园, 正值暑假期间, 所以很多小朋友来此嬉水, 各种刺激的水上项目让小朋友们兴奋无比"
159,好友,i游走的虎,2014-07-03,"一个很大的亲水乐园, 正值暑假期间, 所以很多小朋友来此嬉水, 各种刺激的水上项目让小朋友们兴奋无比"
160,好友,i游走的虎,2014-07-03,"一个很大的亲水乐园, 正值暑假期间, 所以很多小朋友来此嬉水, 各种刺激的水上项目让小朋友们兴奋无比"
161,好友,i游走的虎,2014-07-03,"一个很大的亲水乐园, 正值暑假期间, 所以很多小朋友来此嬉水, 各种刺激的水上项目让小朋友们兴奋无比"
