,昵称,时间,评论
0,腥红月影,2020-02-26,"长隆飞鸟乐园距离长隆度假区比较远, 游客也比长隆其它三大景区的少很多, 但这并不代表飞鸟乐园的观赏性, 游玩性会比其它三大景区下降丝毫, 景区内有多种一级保护动物和多国的国鸟, 以及多场科普表演都能让游客更好的了解鸟类, 爱护鸟类, 园区内还有乘船游湖项目, 和部分爬行动物, 是一个可以慢慢逛上一天的休闲游好去处"
1,绿色大白鲨,2020-03-23,"广州长隆飞鸟乐园在长隆度假区, 在熊猫酒店对面乘坐免费的摆渡车, 需要在野生动物园还需换乘一次, 乐园此野生动物园小不少, 门票还可以接受, 定点定时有各种动物表演, 游人不是太多, 特别适合亲子游"
2,winsonwoo,2020-02-07,"小孩玩得非常开心的乐园, 单单看表演就非常的过瘾, 很多动物都让小孩好奇, 小朋友小的都不怕蛇, 飞鸟确实表演很不错, 各种来自世界各地的鸟种, 大开眼界"
3,_gf622****989353,2020-02-07,"小朋友玩的特别开心, 飞鸟主要是看飞鸟, 一看到孔雀就开心得不得了, 在乐园那边跟他是玩的特别的开心, 全部都是游乐的设施, 鹦鹉也是小朋友的最爱"
4,_M15****1199,2020-01-15,"值得推荐, 演出都是展示动物的生活场景, 就吃吃飞飞的, 这边人少些, 参与了很多互动, 科普讲堂有从蛋到初生的宝宝, 只是不同种类哈哈, 百鸟飞歌各种鸟类成群飞过, 很美, 坐了船但是觉得没必要, 很小一圈, 主要是鹈鹕, 有几只天鹅, 不如就各点看了, 各种喂食, 喂河马最搞笑, 简直是在打河马"
5,维妙维肖666,2019-11-28,"值得一游, 园内有很多珍奇鸟类, 工作人员非常热情, 会耐心的讲解介绍, 进入景区可以取一张表演节目单, 按时间安排可以观看表演, 从广州市内可以坐地铁, 号线到长隆站下车从, 口出来, 乘坐长隆免费巴士到长隆酒店, 野生动物园, 大马戏, 飞鸟乐园等地方, 很方便"
6,winsonwoo,2019-11-08,"如果说在广州找一个好玩的动物园, 那么我可以推荐的主要就是三个地方一个是廉价的广州动物园, 第二个就是服务和演出超好的长隆, 动物园, 第三个就是这里了, 性价比是中的一个乐园就是, 飞鸟乐园, 祝你可以看到各种的鸟类, 他们都是人类的好朋友, 对于学习了那科普知识的小朋友来说是非常合适的地方"
7,pekingwang,2020-01-10,"冬天的广州气候最好, 来广州最有趣的莫过于长隆, 长隆里面的飞鸟乐园有鹈鹕, 火烈鸟等等, 在这里可以让孩子亲手制作鸟食, 然后与动物近距离接触投喂"
8,288****703,2020-01-01,"飞鸟乐园是长隆性价比最高的了, 我认为, 里面有鸟类表演, 鳄鱼, 还有儿童乐园哦, 小朋友在里面玩的开心哦, 票的价格也不贵, 块钱左右, 里面还有很多地方可以和小动物互动"
9,Tanya7151010,2020-01-15,"里面有很多珍稀的鸟类, 朱q, 红q, 丹顶鹤等等, 孩子最喜欢喂鹦鹉, 鹦鹉吃瓜子好厉害, 还会把瓜子油鲁隼, 你喂它煽殴献, 它会把煽哦甲サ阶ψ永镂兆, 然后一w一颗分开吃, 金刚鹦鹉还会学人说话, 你说, 它也说, 可爱极了, 不过不知道为什么, 现在不能喂金刚鹦鹉了, 只能喂绿色的小鹦鹉, 坐船游玩也很有趣, 可以喂鹈鹕吃小鱼, 喂天鹅吃面包, 它们会一直追着船游, 游船至中途时, 风景很美, 砂兑灿幸恍┠, 船上会有工作人员讲解"
10,288****267,2019-11-05,"带小朋友去看鸟类最佳的选择, 就是去广州的长隆飞鸟乐园, 这里是鸟类的科普基地, 可以让小孩了解更多的小鸟, 包括他们的生活, 习性, 外表特征, 还有栖息生活的地方, 一天下来小朋友都玩得乐不思蜀, 而且表演非常多有一些完全开放的户外, 有一些使用遮蓬的小型剧场, 下雨都没关系"
11,288****703,2020-01-02,"交通很方便, 性价比很高, 有儿童乐园和很多鸟类, 有鸟类的表演, 还可以喂食, 大部分是, 块钱一次, 很有乐趣, 小朋友超喜欢, 玩的开心, 涨知识哦"
12,多啦a梦爱小宝,2020-01-18,"买的票刷门口微信二维码, 输入相应信息就可以很方便入园, 园区相比其他长隆的园区要小很多, 客流也比较少, 幸好有专车可以从会江地铁可以直达乐园门口, 要不然从会江地铁到乐园这两公里的距离还蛮尴, 尬的, 园区游玩体验还, 百鸟飞歌很精彩, 就是感觉时间有些短, 个人觉得鸟的种类也不算太多, 不过比较动物园已经丰富太多了"
13,268****505,2019-12-24,"长隆飞鸟乐园不愧为鸟的天堂, 这里生活着丹顶鹤, 黑颈鹤, 灰鹤, 白枕鹤等多达多种仙鹤, 这里还生活着多种鹈鹕, 黑颈天鹅, 白鹭, 潜鸭等多种大型水鸟, 或在水边觅食, 或在溪中嬉戏, 营造出一片生机勃勃的湿地生态景象"
14,贝宝0930,2019-12-16,"乐园挺好的, 有很多鸟类, 有一些还能, 距离接触, 孩子玩的很开心, 周末人也不是很多, 餐厅, 坐船这些都不用怎么排队, 坐船一人, 园区里面还有不少喂食动物的地方, 一般一次, 元, 还能近距离和巨嘴鸟拍照, 也是付费的, 元一拍, 小小保育员, 元一组, 园区内停车小车, 元一次, 分钟内免费, 总体性价比是长隆最高的"
15,lin****jing,2019-11-13,"性价比很高, 工作日去的所以人很少, 清静, 全园平地, 遛着无压力, 到处都是座椅, 老小都可以, 工作人员很, 也专业, 有问必答, 也会主动介绍动物知识和趣闻, 虽属长隆旗下, 但是和主区域稍有点距离, 好在有免费穿梭巴士可以在长隆所属区接驳, 我们当天晚上还安排了马戏, 所以下午五点半乘坐巴士离开飞鸟园, 时间刚刚好, 供参考"
16,nicholecai,2020-01-15,"很好玩的一个乐园, 简直就是儿童乐园, 一般适合小朋友去, 这里几乎一整天都有各种的演出, 看完所有演出都差不多时间到闭园了"
17,_WeCh****05306,2020-04-01,"长隆飞鸟乐园之前是鳄鱼公园, 是长隆集团门票最便宜的主题乐园"
18,leerex514,2019-12-24,"地铁长隆站, 口出, 乘坐长隆, 号巴士到动物园南门, 换乘, 号线巴士到终点站, 出了地铁大概是半个小时到, 相比野生动物园, 这边人少一点, 和动物互动项目更多, 科普和表演一体, 孩子很喜欢, 值这个票价"
19,坦然的H2O,2020-01-22,"非常喜欢飞鸟乐园, 游人不是太多所以游园心情大好, 园子里的鸟儿都很灵动, 虽然不能用手触摸, 但是都能近距离观看, 园里环境也很不错, 工作人员的态度都特别温和, 适合带老人孩子游玩, 推荐指数五颗星"
20,楷楷楷k,2020-01-02,"服务态度很好, 整体很不错, 很喜欢长隆环境, 也适合大朋友小朋友们一起玩, 是个旅游外出游玩的好选项, 休闲娱乐的好去处, 里面有各式各样的鸟, 稀有动物, 更多的可以引领大家认识科普鸟类知识"
21,_M15****1199,2020-01-15,"在会江地铁站, 口出来, 一直往前走, 有个停车场的出入口, 从那出去的路边就是上车点, 有长隆工作人员"
22,黑小小奈,2020-04-04,"鸟语花香, 口气清新, 适合放松心情, 跟家人情侣"
23,_M13****6487,2020-01-19,"强烈推荐花个半天时间去一下, 飞鸟乐园园区不大, 虽然不是很出名, 但是很好玩, 百鸟齐飞的场景很震撼, 成群的鸟很值得一看, 还有鳄鱼, 蜥蜴等, 仙鹤很仙的感觉, 很棒"
24,寒冬和盛夏,2019-12-24,"性价比非常高, 动物很多都是放养的, 而且很活泼, 园区内节目丰富, 内容有趣生动, 工作人员也热情有礼, 就是里面的食物比较贵, 投喂动物的价格也很高"
25,寒冬和盛夏,2019-12-23,"性价比超高, 里面设施非常好, 动物也很活泼, 很多都是放养的, 互动很紧密, 工作人员也很热情, 表演丰富, 讲解也很详细, 大人和孩子都收获满满的"
26,肥蹄宝,2020-01-23,"飞鸟乐园的门票比较便宜, 本来以为不好玩的, 没想到这么精彩, 孩子最喜欢看鸟的演出和儿童乐园, 在动物幼儿园还看到了饲养员喂小鸟, 很有趣"
27,268****505,2019-12-09,"飞鸟乐园简直就是鸟的天堂, 这里可以观赏到丹顶鹤, 黑颈鹤等各种仙鹤, 鹈鹕, 黑天鹅, 尤其是在路边的各种鹦鹉, 猛一看, 就像画中的鸟一样"
28,_WeCh****240224,2020-01-14,"长隆整个度假区, 这个性价比是最高的哦, 门票很良心的, 各种珍奇鸟类, 有很多表演, 有儿童体验区, 很多的滑梯之类的, 很好打发时间哦"
29,183****4120,2019-12-03,"挺好的, 野生动物园最好从北门去, 因为小火车和缆车都在北门上车, 可以先做小火车看一下自驾区, 然后再步行, 里面很大, 可以游玩一天, 飞鸟乐园也不错, 整体游玩很满意"
30,M14****203,2020-01-31,"人比较少, 体验很好, 尤其是采用科普讲座的形式, 将娱乐和科普结合起来, 值得推荐"
31,江小葱,2019-11-13,"很不多的遛娃地点, 可以小呆一天, 哇哈哈哈哈, 食物不给带入园哈"
32,etmurphy,2020-01-29,"玩了大半天, 小朋友很开心, 值得一游"
33,小猫咪咪咪咪,2020-01-18,"长隆系列的确是性价比很高的, 表演时间设计合理, 百鸟飞歌表演很有气势, 值得来"
34,etmurphy,2020-01-29,"好玩, 好多鸟, 好多小动物"
35,杜文施泰特邹忌,2019-12-15,不错值得一看
36,M45****174,2020-03-31,非常好的服务
37,D12****434,2020-04-22,满意满意满意
38,D12****434,2020-04-22,满意满意满意
39,M18****907,2020-01-23,"还可以, 挺好的, 取票是扫码提取电子票, 然后验证入园"
40,138****8864,2020-04-05,适合亲子玩
41,M20****804,2020-01-23,"喜欢鸟类的朋友值得一去, 就是地方稍微有点偏, 很难打车, 但是有短驳车, 最早一班是, 的, 鹦鹉很多, 还有鳄鱼表演, 可以和鹦鹉拍照, 一张, 照片自己用手机拍, 孔雀也美, 去的时候正巧孔雀开屏了, 在求偶"
42,sky****un,2020-01-18,"取票手续非常快, 价格也十分优惠, 非常适合带孩子去玩, 会给朋友们再次推荐的, 里面的讲解员服务十分到位, 表演活动内容丰富到位"
43,M14****203,2020-01-31,"人比较少, 体验很好, 尤其是采用科普讲座的形式, 将娱乐和科普结合起来, 值得推荐"
44,小林6699,2020-03-18,"超级多的鸟类, 还有一些两栖动物"
45,_WeCh****829414,2019-12-30,"水天共一色, 百鸟大检阅"
46,M58****992,2020-01-19,"值得一去, 与鸟儿近距离接触, 人比较少, 时间很充足, 表演很好看"
47,M47****988,2019-12-13,"带小孩去还是很好玩的, 环境优美, 树荫跟凳子都很多"
48,M47****988,2019-12-13,"带小孩去还是很好玩的, 环境优美, 树荫跟凳子都很多"
49,大脸猫甜妞,2020-01-01,"小朋友特别开心, 给小动物们喂食, 也增长了见识, 认识了以前没有见过的鸟儿, 还看了很多鸟儿的表演, 也会邀请小朋友和大朋友一起参与, 另外一些有关鸟儿的知识也有探索学堂, 让小朋友和大朋友在游玩的同时又增长了知识, 受益匪浅, 值得再次去玩"
50,M24****535,2019-12-29,"出乎意料的我自己很喜欢, 大自然太神奇, 可以近距离接触鸟类朋友, 欣赏园区很棒的动物表演, 几乎没有错过一个, 还有一个儿童活动区, 适合带孩子来的, 儿童设施都非常有参与性, 像是进口的, 因为时间有限只体验了二十分钟, 孩子没过瘾, 期待再来"
51,_WeCh****83621,2019-12-23,"适合溜娃, 园区不会太大, 餐饮和休息的地方也多, 沿途都有漂亮的鸟看, 大人小孩都不会太累, 很多地方都有科普讲解是亮点, 进入景区的路在修不是很好走, 另外, 儿童乐园区域的监督员语气不太友善, 一脸的傲慢和不耐烦, 虽然理解她的工作但是表达上可以有所改进, 否则真的很影响心情"
52,M21****231,2019-11-04,"比起野生动物园和珠海海洋世界, 这个算是很小的, 但也不止有鸟可看, 里面的爬行动物和其他生物展览也很多, 鸟更是各种名贵的都有, 也算是一个综合性动物园了"
53,M22****254,2020-01-12,很好很好很好很好很好很好很好很好很好很好很好很好很好很好很好很好很好很好很好很好很好很好很好很好很好很好很好很好很好很好很好很好很好很好很好很好很好很好很好很好很好很好很好
54,_m13****8672,2019-12-19,很好玩的地方
55,Clark的巧克力豆,2019-11-29,"各种飞鸟, 还有飞鸟研究和知识显示, 小朋友们特别喜欢, 可以玩一天, 还有鳄鱼表演, 以及河马喂食, 真的很有意思, 去了野生动物园再来这里我觉得不冲突, 看自己时间是否充裕咯"
56,ianyyy,2020-01-03,"离开长隆有蛮大距离, 短驳车要换一辆才能到, 总体还是蛮好的, 很多平时看不到的飞鸟都有"
57,武装飞天猫,2020-01-18,"很不错哦, 很多种类的鸟, 还可以喂鸟, 比较适合带小朋友去玩, 比较推荐, 有一个鸟类的表演, 各种各样的鸟那个挺好看的, 票价也不算太高, 挺好的"
58,M34****208,2020-02-01,各种各样的鸟是小孩的乐园
59,lucky820309,2020-01-15,"不错, 可以逛一下, 推荐, 适合带小朋友去耍, 门票也不贵, 不错的体验"
60,123456789,2020-02-03,"还可以, 人不是很多"
61,_cs48****8098,2019-11-27,"不如其他乐园有名气, 人也不是很多, 但是却是一个舒服的地方"
62,_WeCh****05306,2019-12-27,"长隆集团里性价比最高的乐园, 之前叫鳄鱼公园"
63,CZ1405,2019-12-13,"到长隆去的第一个景点, 景区很不错, 飞鸟种类较全, 相关表演也很精彩, 小朋友很高兴, 如果说有不足的话就是喂火烈鸟有点贵, 觉得不值"
64,我的小羽彤,2019-12-07,"非常好, 非常人性化, 讲解时间安排无缝衔接, 直接都能参加了, 带孩子的必须考虑去, 反正我们小朋友下次还会再去, 相当值得一看的地方"
65,M25****6917,2019-12-18,"适合节假日带娃, 长隆里最超值的一个动物园, 里面的表演超级漂亮, 孩子们非常喜欢大嘴鸟, 一起拍照有点小贵, 公交不方便, 最好自驾"
66,_qcs1****9961,2019-11-12,"携程订门票很方便, 景区直接能用, 最重要一点, 随时开票, 对公司团建来说, 报销很方便, 反正现在酒店机票用车都在携程, 快速便捷"
67,M47****235,2019-10-04,"还保留着原来鳄鱼公园的痕迹, 但是现在的主角已经不是鳄鱼了, 原本这里是鳄鱼的繁殖基地, 现在是属于鸟类知识的科普基地, 这个转型是很好的, 因为小朋友们都喜欢小鸟, 对鳄鱼这个形象是多少有那么一点点的害怕, 这里的表演又好看又喜庆特别说小朋友们欢迎"
68,cizhen,2019-10-04,"长隆的飞鸟乐园是长隆的主题公园之一, 相对长隆的海洋公园, 还有欢乐世界和水上乐园来说, 飞鸟乐园的门票算是最便宜的了, 在飞鸟乐园里面有很多的动物, 比如漂亮的孔雀, 各种各样的蛇, 还有很少见的蝙蝠, 在长隆飞鸟乐园里面有很多的表演, 进门口的时候可以拿一张时间表, 这么多表演当中, 最刺激的就是鳄鱼表演啦, 小忍者把手伸进鳄鱼的嘴巴里面, 非常的惊险"
69,_YX1****343,2020-01-07,"适合老人小孩一起玩一天的, 景点随处有休息的椅子, 服务人员态度很好景点也很干净, 可以喂各种小动物, 建议挑选几种动物喂一下"
70,小林6699,2019-11-04,"超级多的鸟, 小朋友非常的开心, 推荐"
71,发仔,2019-12-13,"性价比高, 小朋友喜欢, 虽然没有野生动物园那么大, 可是也够玩一天了, 非常不错的选择, 推荐赞"
72,Travel记录,2019-11-10,"飞鸟飞成一道彩虹, 在于他们自己是在"
73,151****8812,2020-01-19,"好玩, 有表演, 投喂, 儿童乐园"
74,151****8812,2020-01-19,"好玩, 有表演, 投喂, 儿童乐园"
75,juki235,2019-07-24,"广州长隆公园里还有专门的飞鸟乐园, 这里生活着来自世界各地的数百种鸟类, 有些水鸟是散养, 其余的则是在大笼子里, 在这里你可以看到国家一级保护动物朱鹳, 红腹锦鸡, 丹顶鹤等, 真是让人大开眼界"
76,M22****0750,2019-12-25,"飞鸟飞鸟, 鸟的天堂, 乐鸟玩鸟吃鸟看鸟, 鸟鸟鸟, 还是鸟, 鹗鱼, 会吃钱的, 鱼, 鱼鱼, 鱼乐之余"
77,fra****82,2019-12-30,"票价便宜, 但体验感觉非常好, 孩子在里面喂了火烈鸟和鹦鹉, 最喜欢的说是儿童乐园, 玩了两个小时还不够"
78,黄清清55,2019-12-19,"鸟的品种很多, 最欢喜近距离投喂火烈鸟宝宝的项目, 需要另外花钱, 动物表演也很精彩, 门票价格合理"
79,M22****975,2020-01-18,"非常好的一次旅行, 很大的湿地公园, 我们一家都很开心"
80,E45****84,2019-11-15,"还不错, 孩子喜欢这里, 可以看到很多鸟类, 人也不多, 坐车方面, 讲解员讲的也很详细"
81,158****4634,2019-11-04,"景区可玩性非常高, 体验非常棒"
82,toyopico,2020-01-19,"很好, 确认迅速, 询问详细回到, 并做到推荐以后希望更多的优惠活动"
83,Eva  WANG,2019-11-12,"第二次去了, 孩子非常喜欢, 有鳄鱼和各种鸟类, 孩子玩的都不想回去了"
84,M35****2179,2019-12-15,"很好很好, 值得一去, 交通便利, 配套设施齐全, 服务态度非常不错"
85,张娜9999,2019-11-10,"鸟类确实很多, 很漂亮, 都能近距离的观看, 小孩子也比较喜欢的"
86,_WeCh****85643,2019-11-15,"去了两次了, 很适合小孩玩, 就是景点的东西贵, 带小孩值得去"
87,M17****232,2020-01-21,非常棒的体验
88,136****3068,2020-01-16,"去年这时候去的, 小朋友们到现在记忆犹新非常值得去的地方"
89,186****7730,2020-01-23,到处都是鸟儿
90,铁齿铜牙qq,2019-11-26,"带着孩子去, 玩的特别开心, 圆子里有上千种珍奇鸟类"
91,M47****235,2019-09-14,"每年都会来一次这个乐园, 小孩中学以前都是很值得走一走的地方, 基本上来这里游玩的都是一家大小, 这里的鸟类种类非常多, 最喜欢就是看鹦鹉"
92,馨馨,2019-12-01,"还可以吧, 比长隆野生动物园小些, 但是可以喂小动物"
93,cizhen,2019-07-26,"想想过去, 我们来的时候这里叫做鳄鱼公园, 现在缴费了乐园主题已经改变了, 主要是来看飞鸟的, 品种非常多还有专门的表演, 真是太棒了"
94,186****9583,2019-12-04,"巨嘴鸟非常漂亮, 随处都有鹦鹉, 干净的园区"
95,_WeCh****342134,2019-11-10,"非常好, 很适合小朋友和老人游玩"
96,M22****0750,2019-12-25,"玩好吃好好好好, 乐乐乐长隆飞鸟之乐"
97,139****6522,2020-01-07,"景点好唔错, 买票亦都好方便"
98,Lina,2020-01-04,"动物种类繁多, 特别适合带小孩子去旅行"
99,E13****71,2019-10-30,"特别好, 工作日去的人不多, 表演很精彩"
100,_WeCh****415430,2020-01-01,"广州长隆里最便宜的景点, 超出期待"
101,意大利凌统,2019-12-17,"孩子很喜欢, 玩的很开心"
102,_gf622****989353,2019-07-25,"飞鸟乐园就是最适合小孩去的地方, 里面有一些节目, 非常有趣, 比如说鳄作剧, 还有鸟类知识的问答, 都深受小孩大人的喜欢, 有特价的时候, 最适合带小孩去玩, 下雨天也不怕去, 大部分的表演都是有遮挡的地方"
103,意大利凌统,2019-12-17,"名副其实, 特别好玩, 孩子很喜欢"
104,梦龙0322,2019-12-11,"飞鸟乐园好多表演, 还是很值的呢"
105,118****562,2019-11-21,"好地方, 虽然有点偏, 但是很不错"
106,M10****039,2020-01-25,"非常好的旅行体验, 值得推荐"
107,M10****039,2020-01-25,"非常好的旅行体验, 值得推荐"
108,_WeCh****500308,2020-01-11,"非常不错, 下次再去一次"
109,尚Queen,2019-12-16,"喜欢喜欢, 必须再来一次"
110,_WeCh****54381,2020-01-25,"非常喜欢, 性价比高"
111,Helen,2019-11-05,"科普乐园, 孩子很开心"
112,Helen,2019-11-05,"科普乐园, 小孩很开心"
113,139****0220,2020-01-26,"好玩, 去了很多次"
114,M46****087,2019-12-10,"蛮好的, 小孩喜欢"
115,M55****276,2019-12-10,"非常棒, 孩子很喜欢"
116,_WeCh****786392,2019-12-10,携程订票靠谱儿放心
117,海蓝宝贝7266,2019-12-02,小孩子看鸟类不错
118,M44****467,2019-11-19,"各种飞鸟, 非常好"
119,百事可乐8888,2019-11-12,"非常好, 下次再来"
120,m71****88,2020-01-19,表演节目吸引人
121,雪邦苻坚,2020-01-18,好好好谢谢你的爱
122,M37****9206,2020-01-13,园区很大也很好玩
123,davidzeng918,2019-11-29,"不错的, 干净安静"
124,成香依依,2019-11-14,"喜欢, 第二次来了"
125,_WeCh****240262,2020-01-24,"非常好, 非常好"
126,M36****8489,2019-12-02,不错小动物可爱
127,134****0981,2019-11-21,"不错, 非常方便"
128,巨港刘邦,2019-11-14,适合带小孩子去
129,Eva  WANG,2019-11-12,"棒棒哒, 值得去"
130,_CFT0****9950,2020-01-20,拍照的好去处
131,_WeCh****500308,2020-01-11,总体上还可以
132,E48****50,2019-11-29,"不错, 出票快"
133,M17****232,2020-01-21,棒棒棒棒棒
134,gbh68,2020-01-18,不错的选择
135,M37****9206,2020-01-13,品种很多哦
136,_WeCh****15408,2020-01-11,鸟儿品种多
137,205****828,2019-12-08,表演根精彩
138,159****9223,2019-12-02,很适合孩子
139,ashley_fz,2019-11-04,亲子游不错
140,酒仙老周,2019-04-30,"这里是孩子们的乐园, 门票比起野生动物园要便宜很多, 而且乐园里的互动项目更多, 鸟禽占了主要角色, 也有像河马这样的大家伙, 喂个河马南瓜, 元, 景色, 趣味, 性价比"
141,nicholecai,2019-06-15,"飞鸟乐园是长隆旗下的乐园之一, 价格比长隆动物园便宜, 虽然没有长隆动物园的大, 但是里面的动物也不少, 主要以飞禽为主, 里面有个钓鳄鱼的项目非常刺激"
142,鱼乐22,2019-06-16,"鱼仔佛系点评, 记录生活的点点滴滴之, 年, 月, 记得一听到飞鸟乐园的时候, 觉得应该没什么看, 因为鸟儿都在天上飞, 记得好久之前去过湿地公园也是失望而回, 但是这次去, 却刷新了我这个旧的观念, 去到那里不单可以看到各种各样的大型鸟类, 还看到了很多双栖动物, 最喜欢蜥蜴, 好大个, 还可以亲手触摸, 还能喂食, 而且可以看它捕食动物的一瞬间, 真的太过瘾了, 推荐大家去看一下那个百鸟飞歌, 真的不错, 一定要安排好时间去看一下这个剧场, 各种鸟类配合着, 在湖面面前飞过, 真的是很壮观, 喜欢记得给鱼仔点赞, 欢迎评论交流分享, 乐在当下, 感恩"
143,蕾425,2019-07-27,"不算很大但也不不小, 带小朋友走一圈也挺累的, 里面很多鸟类, 表演也很多, 进去门口先看表演时间, 那个什么百鸟的飞的那个一定要看, 挺壮观的"
144,M23****169,2019-10-08,"很不错, 很多表演, 很多互动项目, 应该是长隆所有园里, 面积最小, 游客最少的景点, 但性价比很高, 有拓展的项目, 可以玩上一整天"
145,M37****334,2019-09-15,"里面很大, 动物也多, 带小孩子去玩能玩上大半天, 而且门票不算太贵, 里面基本没看一种动物就有一场好看的表演, 小孩也看得高兴"
146,203****822,2019-07-31,"广州长隆第二站, 昨天游玩了长隆野生动物园, 有点犹豫的情况下, 选了飞鸟乐园作为第二站, 虽然没有野生动物园庞大, 但游客少, 景致也不错, 其中钓鳄鱼, 喂鹦鹉, 钓乌龟, 是其他动物园没有的项目, 百鸟争鸣, 若是鸟儿更配合一些, 不偷懒, 应该更加壮观, 鳄作剧的表演, 鹈鹕和门口刚入的小动物讲解, 都挺不错的, 适合较小的孩子, 涨涨知识, 挺不错的, 今天有雨, 不能游船, 有点可惜了"
147,288****267,2019-10-03,"相当一流的动物园, 比起广州动物园来这里玩最大的优势, 就是有各种各样的表演, 而且一场接着一场, 从开源的那一刻延到下午闭园前都有得看, 其实这也是有效去控制游客观园路线的最好办法"
148,winsonwoo,2019-08-31,"在长隆的乐园当中, 这个性价比是最高的一个园区, 当然没有动物园那个大, 但是模式是一样的有足够的表演, 让你在乐园当中观看, 还有一些新奇的动物, 小朋友最爱"
149,M48****413,2019-07-29,"长隆飞鸟乐园是一座专门展示各种世界珍稀鸟类的乐园, 这里的飞鸟种类大约有数千种, 其中最大的明显就是金刚大鹦鹉和灰鹦鹉, 它们真的很聪明, 简直超出了人们的想象, 真的是太好玩了"
150,M34****2754,2019-10-04,"非常值得带孩子来, 环境优美绿树成荫, 即使很热的天气也很凉爽, 鸟类繁多, 节目也很多, 能逛上一天, 孩子都不愿意走"
151,m33****8224,2019-10-03,"是鸟类爱好者的天堂, 女儿就是鸟类爱好者, 流连忘返, 两个女儿玩得非常开心, 小女儿说还要再来, 就是地方有一偏"
152,yysweet,2019-10-15,"作为广州长隆的一个主题公园, 这里有上千种的鸟类, 真的让人看得眼花缭乱的啊, 鸟儿叽叽喳喳好不欢乐呢, 人们置身其中也是很开心的哦"
153,M47****235,2019-09-16,"飞鸟乐园里面的儿童游乐区是我小孩的最爱, 其次, 就是海狮表演, 特别的有趣, 夜行动物的那个区域小孩比较害怕, 整个园区的可玩性都比较高"
154,M36****1126,2019-10-06,"飞鸟乐园的表演节目十分精彩, 工作人员也很热情, 园区环境绿树成荫, 大人小孩都玩得很开心"
155,187****9999,2019-09-15,"长隆飞鸟乐园是长隆旗下性价比最高的主题公园, 门票很接地气, 娃儿很喜欢, 我们家老二一岁多玩的也高兴, 到处看很兴奋, 哥哥四岁也有的玩, 很多动物体验饲养, 看着门票便宜, 进了里面很多收费体验喂养的项目, 算下来不便宜哦, 为了娃儿高兴, 值得"
156,M25****1897,2019-08-18,"园区不是很大, 半天可以逛完, 很多动物在长隆野生动物园也有, 有游船, 有一些动物的表演, 多数是鸟类动物的表演, 特色是鳄鱼表演, 个人觉得游玩长隆野生动物园后这里的特色是喂河马, 钓喂鳄鱼, 个人感觉如果行程紧, 可以只游玩野生动物园, 放弃这里, 看到有从长隆野生动物园过来的大巴"
157,jixiang2014,2019-07-26,"在广州有四个长隆的园区, 有飞鸟乐园, 有动物园, 有机动游戏世界, 有水上乐园, 其中性价比最高的是飞鸟乐园, 经常特价的时候七八十块就可以买到门票, 而且经常会有免费携带一名儿童的优惠活动, 都是不可错过的入园好时机"
158,京剧猫姐,2019-08-01,"鸟类等珍稀小动物的天堂, 没有铁丝网, 纯自然状态, 动物们好自然, 好快乐, 我们也好快乐, 下次再充分享受人与自然的互动"
159,M23****323,2019-10-03,"很好的园区, 很多动物都不在笼子里, 小朋友可以近距离接触, 感觉动物们都是开心地生活在园区里的, 孩子们也很开心"
160,M22****2872,2019-10-06,"度高温, 多亏园区绿荫掩映, 没想象中热, 讲解员很热情, 每到一处都有讲解, 钓鳄鱼, 喂火烈鸟, 投食大河马是独特体验, 鳄作剧幽默刺激, 孩子还是很喜欢"
161,_m13****4898,2019-05-04,"长隆飞鸟乐园相比野生动物园门票便宜很多, 当然地方也小了很多, 但是很独特, 特别是几次鸟类的表演却非常精彩"
162,77****372,2019-09-22,"园子不大, 坐长隆景区区间车可到路程比较长, 月去的人很少但太惊喜了, 看到了好几个鸟类表演, 极力推荐飞鸟奇域, 百鸟飞歌, 鸟都是自由放养的也不飞走"
163,cizhen,2019-08-25,"好玩了, 但是园区还是会有翻包的问题, 跟迪士尼是一个样子的, 不过, 长隆有他自身的需要, 就是怕游客乱喂食物给动物, 这样会引起动物身体不适, 甚至死亡, 但是园区里面的餐厅用餐价格应该可以再降一点点"
164,绿色大白鲨,2019-07-24,"广州长隆飞鸟乐园是一个值得去的地方, 首先门票相对来说便宜, 游人不是太多, 公园的面积比较小, 乘游船游览可以近距离观察白和黑天鹅, 鸬鹚等动物, 值得一游"
165,M29****8592,2019-05-03,"很不错的科普基地, 可以近距离的观察动物"
166,斯诺克萨斯夫斯基,2019-10-07,"还可以吧, 带孩子去玩还是可以的"
167,M48****129,2019-09-02,"表演场次比较多, 值得一看, 还有科普小课堂介绍动物小知识, 回答问题还可以领食物体验给小动物喂食, 小朋友玩得很开心"
168,E37****28,2019-10-15,"特别适合小朋友看, 表演好看, 想不到鸟儿都这么听话, 时间安排也都刚好, 值得再去, 国庆去还有科普介绍, 还可以免费喂动物, 喂完发朋友圈, 还有纪念品拿"
169,M45****369,2019-09-15,"飞鸟乐园性价比超高的, 百鸟飞哥的表演超级好看, 还有山羊小鸡小鸭等小动物可以喂, 也可以喂食河马啄木鸟等, 而且人不会太多, 一年我们都要去好几次"
170,nicholecai,2019-08-10,"小朋友玩得最开心的就是儿童乐园这一个部分, 在乐园里面除了看飞鸟, 还有表演, 绝对不能忽略小孩的秋千节目, 他们可以在这里玩几个小时, 也不厌倦"
171,M47****235,2019-08-06,"飞鸟乐园同时也是不错的儿童乐园, 适合一家人亲子活动, 一同前往, 乐园的门口就有停车位, 坐地铁去也是不错的选择, 在地铁站口就有免费的接驳巴士"
172,旺旺雪饼,2019-07-12,"飞鸟乐园比预想的好玩, 人也不多, 体验性不错, 随处都有讲解员, 还有游乐设施, 孩子玩得很开心, 还有免费班车乘坐哦"
173,OKOK369,2019-06-16,"@挺大的, 比我想象中大, 游镆匀给B橹, 有一些{~, 觚等等, 玩一下午^可以, T票也不F, 主要是人少, 玩得p"
174,M22****4625,2019-10-16,"很不错的一次体验, 小朋友玩的都很开心, 园区有很多可以互动的游戏和表演可观看, 是遛娃休闲的好去处"
175,winsonwoo,2019-06-08,"飞鸟乐园是长隆过去的鳄鱼公园转型后新改建的动物园, 主要都是飞鸟为主, 原本的鳄鱼养殖现在都很少看到了, 感觉现在更加好玩些, 足够玩一天了"
176,M97****54,2019-10-23,"一下子看见好多鸟非常的震撼, 飞鸟乐园值得一看, 人少, 可以亲自喂很多小动物, 小朋友可以待一整天"
177,288****267,2019-09-01,"来这个乐园旅游, 基本上都是一家大小, 大家都是带着小朋友在这儿玩, 就是表演都足够你玩一天了, 当然, 这里也是一个很好的鸟类知识科普基地"
178,M22****4625,2019-10-16,"很不错的一次体验, 小朋友玩的都很开心, 园区有很多互动游戏和表演可观看, 是个遛娃休闲的好去处"
179,cizhen,2019-06-08,"飞鸟乐园大部分的管子小朋友都非常喜欢唯一有两个场馆是小朋友最害怕的一个是夜行馆, 还有一个是潜行馆, 最刺激的表演, 莫过于恶作剧剧场"
180,默瑟公子光,2019-09-16,"飞鸟乐园还不错, 能近距离看到许多飞禽和爬行动物"
181,KATEWEI,2019-10-05,"很美的地方, 会江地铁站, 口附近有接送的免费车"
182,风吹袖口凉,2019-08-17,"还是那句, 停车方便, 孩子最爱, 情侣不错的地方, 哈哈, 每次都是餐饮消费比较贵, 其他还好"
183,M22****9555,2019-08-28,"有趣, 超可爱的小鸟们, 鸟儿的羽毛都太漂亮了"
184,_gf622****989353,2019-06-08,"乐园的人真的不多, 六一节的时候, 因为下大雨, 让你很少, 可能大家都是预期不去, 所以反而迎来了舒适的出游, 演出的会场坐不满人"
185,窝蛋香花菜,2019-09-02,"适合, 岁以下的小朋友过来, 比较悠闲自在, 鸟儿的表演很精彩, 解说姐姐很给力, 为她点赞, 鳄鱼表演我不是很喜欢, 觉得有点可怜"
186,201****873,2019-08-11,"飞鸟乐园是长隆系列景区最安静好看的处所, 这里展出的都是带翅膀的鸟类, 还可以乘坐小船在水面参观, 喂黑天鹅和鹈鹕等禽类, 园内有珍惜的丹顶鹤, 国家一级保护动物朱q, 非常珍贵, 可以近在咫尺地参观, 院内水族箱里还有独特的猪鼻龟, 很幽默"
187,cn_wx,2019-08-11,"飞鸟乐园比起野生动物园要小一些, 但我们带两个小孩还是悠闲的玩了, 个小时, 鸟类很多, 有科普讲解, 鸟类和走禽的表演也非常棒, 在看完珠海海洋世界, 广州长隆野生动物园后, 两个小朋友把飞鸟乐园的好评度排在三个乐园之首"
188,320****904,2019-07-26,"说是说游玩, 小时, 如果是带小宝宝去的话, 个小时是不够的, 里面有几个互动环节, 喂喂鸟, 再去儿童乐园坐坐估计时间就不够了, 园子不大, 相对于动物园来说, 交通没那么方便, 大多数都是鸟, 也有河马和鳄鱼, 带孩子逛逛是不错的选择"
189,M43****459,2019-07-24,"很适合带着儿童去, 增长见识, 真是太棒了"
190,185****9536,2019-06-18,"整个园区不大, 一般带孩子动作快的, 半天就能看完所有的表演和动物了, 比起野生动物园, 个人感觉小点的小朋友更适合来访呢, 夜行馆进入可能孩子会觉得有些可怕, 个人感觉有点进入恐怖屋的感觉哈哈, 不过里面主要就是猫头鹰, 蝙蝠和飞鼠, 没啥其他的动物了, 看河马的时候, 要是它屁屁对着您, 那请您注意哟, 估计它要拉臭臭啦哈哈, 用尾巴弄得到处都是, 要是站得近的朋友, 那就要恭喜您中大奖啦, 祝大家旅途平安, 带孩子来还是挺好的, 点赞"
191,jixiang2014,2019-06-08,"这种乐园最适合小朋友去玩, 除了一场接着一场的动物表演, 还有不收费愿意玩的儿童小乐园, 里面的千秋就足够小孩玩上一个小时了"
192,D15****972,2019-02-09,"到广州感觉就一定要到长隆玩, 但由于春节期间长隆欢乐世界的人实在是太多了就退而求其次的选择了长隆飞鸟乐园, 园区里的环境比想象的好很多, 人也不是很多, 还有很多的表演和活动, 各个区域都做的非常不错, 唯一有些不足的就是园区不能带吃的而园区内的餐厅太贵了, 有一点强制消费的感觉"
193,denise122,2019-07-18,"乐园不是很大, 半天的时间可以逛完, 主要是门票价格合适, 内容丰富, 值得一看"
194,M50****121,2019-05-04,"飞鸟乐园挺不错的, 鸟类丰富, 表演多样化, 喂食体验感不错, 人比动物园少多了, 宝宝很喜欢, 唯一遗憾的是回来腿上被虫子叮了好几个小包, 痒到不行, 几天不消痒, 建议还是长裤出行"
195,E11****589,2019-10-14,"人少鸟多, 鸟都是成群的, 非常震撼, 非常好, 个人觉得比长隆动物园好多了, 园子比较小, 逛起来也不累, 值得去玩"
196,蛋妈咪520,2019-08-01,"飞鸟乐园位置比较偏一点, 乐园没有野生动物园大, 但也适合带孩子过来玩, 毕竟比欢乐世界那种刺激项目好, 各种鸟类表演, 加上园区的布置和雾气, 特别是鹤类看着很有仙境的感觉"
197,疾风劲草1,2019-05-06,"值得去, 可以近距离接触小动物, 孔雀开屏, 喂食鹦鹉, 小动物的科普, 带孩子去体验一下, 非常不错的游乐园区"
198,梅杜莎1999,2019-06-30,"值得推荐的地方, W很多知R, 有互, 有游镄愫芏, 大小朋友都喜g去的地方, 可食物或吃餐d"
199,GuCC先生,2019-10-05,"不错不错, 还会再次光顾, 不错不错, 还会再次光顾, 不错不错, 还会再次光顾"
200,M24****5773,2019-08-18,"人多, 天热, 孩子开心, 东西贵"
201,_FL2****3671,2019-09-10,"非常好, 非常好, 非常好, 非常好, 非常好, 非常好, 非常好, 非常好"
202,粘糕老猪,2019-05-17,"非常好玩, 还有钓鳄鱼, 看菜鸟飞鸽, 各种表演, 建议亲子都可以去一次, 人也少很适合全家行, 园内消费很低的, 不用担心被一次, 可以去"
203,骋望骊都,2019-08-27,"特别幸运的是去的那天天气很好, 舒服, 园子并不大, 人也不是太多, 很悠闲的感觉, 百鸟飞歌绝对是精华, 很壮观, 因为在外面顶多能看到一群鸽子, 一群麻雀一起飞, 这么多品种的鸟还是很壮观的, 其他的讲解也很棒, 知道了很多知识, 大象龟讲解很好, 还能回答问题得小图册, 推荐"
204,老马酷游玩,2019-04-07,"长隆飞鸟乐园位于番禺大石, 是长隆野生动物世界的一个大型主题公园, 占地面积达数千亩, 公园里生活着各种珍稀的湿地鸟, 每天丹顶鹤, 黑颈鹤, 灰鹤, 白枕鹤等鸟都会进行表演, 一群群仙鹤翩翩起舞, 场面极为壮观, 还有小猪表演游泳比赛, 你追我赶很刺激哦"
205,f****_j,2017-05-29,"有点小庆幸的, 开始只是想着带孩子来广州就顺便看看吧, 当天去的时候是工作日, 里面人很少, 很舒服, 门口的大鳄鱼, 小朋友印象很深刻, 环境很不错, 还有简单的小表演, 小朋友很是喜欢, 特别喜欢小猪跳水游泳, 而且能看到一些蔬菜, 生活在城市的孩子根本不知道辣椒, 黄瓜, 长豆被摘之前的样子, 还有各种蛋, 幼鸟, 感觉给孩子看看挺好的, 自己也增长知识, 还有鳄鱼表演, 这个是在别的地方看不到的, 而且还有长隆的免费巴士坐, 挺好的"
206,阿双双君,2017-05-17,"原来是鳄鱼公园, 现在改成飞鸟乐园, 鸟类种类还算多, 天鹅湖那边还有野生鸟类飞过来落户, 爬行动物也有很多展出, 工作人员很热情讲解他们的习性处境, 整体比长隆野生动物园小, 不过可逛性还是不错的, 长隆动物保育整体都比北京上海好"
207,小林6699,2019-07-31,"非常适合小盆友玩的一个地方, 强烈推荐"
208,M29****6194,2019-09-09,"服务人员很好, 很耐心解答有关问题"
209,瓦朗塞欧尼斯特,2019-10-05,"很方便, 比到现场买要便宜, 很适合带孩子去游玩, 唯一一点不好的是随身的包都要搜查, 不准带食物进去, 园里的消费很高"
210,_WeCh****921392,2019-10-04,"很好玩, 很刺激, 很开心, 很累"
211,鄢儿坏坏,2019-09-08,"小朋友很喜欢, 里面很多鸟, 乐园比较小, 半天左右可以玩完, 人也比较少"
212,peach520522,2019-08-30,"去之前没在计划之内, 去了正好女儿发烧, 体力不是很好, 选择了去飞鸟乐园, 适合小宝宝, 喂了半下午鹦鹉哈哈哈挺好的"
213,_WeCh****63450,2019-08-27,"自驾车带孩子去长隆度假区, 首先去飞鸟乐园, 导航总感觉不对劲, 但一到园区还不错, 人不多, 孩子喂鸟喂河马很开心"
214,_WeCh****47956,2019-08-28,"值得亲子游的娱乐休闲项目, 值得推荐, 可以看到各种热带地区的鸟类, 非常棒, 性价比很高, 小朋友也会觉得很有趣"
215,_m13****4898,2019-05-04,"飞鸟乐园离长隆度假区有一定距离, 周边是工业区, 还以为导航出了问题呢, 但是已进入乐园完全不一样, 对比强烈"
216,300****784,2019-09-19,幺儿玩的很开心
217,飞翔0551,2019-09-15,"还行吧, 时间不充裕的话可以不去, 总体一般, 半天足矣, 相信评价"
218,M24****9517,2019-08-24,"可以近距离接触小动物, 有免费投喂的机会, 比野生动物园更亲民, 门票价格也更接地气, 有钓鳄鱼可以体验一下"
219,M23****171,2019-09-09,"飞鸟是长隆最小的乐园了吧, 感觉里面不大, 动物挺多, 鳄鱼好玩"
220,M33****0928,2019-08-31,"种类很多, 中间还有不同节目看, 不过虽然门票不贵, 但到处都设了付费投食吸引小孩玩, 游船, 元一人, 婴儿都一样价, 变相的会多消费不少钱"
221,_m13****4898,2019-05-04,"长隆飞鸟乐园真的很让人耳目一新, 五一假期不像野生动物园那么拥挤, 园区的管理很到位"
222,心随麦动,2019-04-06,"非常好的一个景点, 感觉小孩子好像会更喜欢飞鸟馆, 并且特别喜欢里面的几场动物表演, 园里的生态环境也非常好, 动物品种也很丰富"
223,_CFT0****7494,2019-08-11,"一家人带小孩参观长隆飞鸟乐园, 小孩很喜欢的这边的, 鸟类很稀奇, 品种很多可以让小孩子大开眼界, 鸟类的飞行表演绝对是非看不可的节目, 百鸟齐飞, 齐鸣绝对让你印象深刻, 这边环境也特别好, 茂密的树林让炎热的夏天变得格外清凉, 还有吃的特别实惠好吃, 下次还会过来的, 强烈推荐给大家"
224,138****0503,2019-03-12,"年, 月份带孩子去玩, 一下飞机孩子就说, 这里的冬天怎么这么暖和, 气温适宜游玩, 从机场到目的地的最快最省钱方式是坐机场大巴, 打车太贵, 地铁带着行李不方便, 和野生动物园比, 特点是比较便宜, 当然动物主要是鸟类, 比动物园要小, 这里的特点是互动节目多, 飞鸟表演, 水生鸟类表演, 最让孩子惊奇的是一只鸬鹚一口吞了一条鱼, 这脖子太厉害了, 还有无数的五颜六色的鹦鹉, 可以近距离观看, 真是太漂亮了, 鹦鹉可以互动喂食, 这鹦鹉的嘴绝对可以和人手媲美, 还没看清楚呢, 它就把瓜子皮吐了出来, 没两分钟, 十几颗瓜子吃完了, 佩服佩服"
225,fruit_smile,2019-10-07,"鸟很棒, 人也不多, 玩的超级棒, 每个鸟都好乖啊在自己的岗位上不乱跑, 也不用关起来"
226,_CFT01****5809468,2019-09-01,"如果去过野生动物园, 飞鸟可以不用来了, 主要是要恰好时间点看各种表演, 飞鸟, 鳄鱼等等很精彩, 里面的讲解员很专业, 赞一个"
227,周游列国,2019-03-18,"长隆位于广洲, 由于气侯常年温暖, 是冬天避免寒冷的好地方, 这里有一个飞鸟乐园, 园中小朋友可以近距离接触各种飞鸟, 是培养小朋友爱心的好地方"
228,M19****590,2019-09-15,"特别好的旅行, 人不多, 圆内绿荫掩映, 鸟语花香, 钓鳄鱼, 和百鸟飞歌非常好看, 鹈鹕, 还有表演, 喂火烈鸟很有教育意义"
229,思宝宝613,2019-10-04,"很多鸟类表演, 还有喂鳄鱼, 喂乌龟, 喂兔子, 喂羊, 小朋友玩得很开心"
230,_WeCh****62874,2019-10-04,"一些平常很少见到的夜间动物, 还有很多叫不出名字的鸟类, 孩子兴致勃勃"
231,开心宝贝1980,2019-01-23,"周五中午到的广州, 到园已经快二点了, 门口取票后, 顺利的进入, 原本对乐园期待没那么高, 实在没有想到挺好玩的, 远远超过期待, 入园一定要看表演, 下午的每一场表演都看了, 流连忘返, 赞一个, 推荐点"
232,138****6296,2019-01-16,"好玩, 适合带孩子慢慢观看慢慢游, 比较有意思是孩子喂鹦鹉, 孩子很喜欢, 百鸟之声表演也不错"
233,M24****6478,2019-09-29,"环境不错, 就是不准带东西去吃, 里面用餐又难吃, 这一点很不人性化"
234,186****3646,2019-10-23,"小孩子很喜欢, 表演很精彩, 就是下午去的, 感觉比较紧, 下次早点去"
235,M32****203,2019-10-04,"比起野生动物园, 孩子更喜欢飞鸟乐园, 可以近距离看到很多动物"
236,139****5490,2019-08-15,"超级满意, 很多适合孩子玩的, 表演特别精彩, 的电影都很满意, 从开门进去一直到闭园才不舍的出来"
237,辛檬,2019-08-12,"非常好很值得一去, 本来没有安排去这里, 想着野生动物世界里都有了没必要再去, 孩子非要去, 不过确实挺好的, 园子不大, 半天就能逛完, 不过要是表演都看完时间要久一点, 人也不是很多, 不知道是不是我们赶上下雨的原因, 总之很值得一去, 尤其是钓鳄鱼, 真的挺好玩, 就是要注意安全, 鳄鱼劲儿真的挺大的, 比较危险"
238,_WeCh****56381,2019-08-05,"总体感觉不错, 河马很好玩, 鸟类的品种也很多, 孩子玩的很开心"
239,odagirishin,2019-08-05,"觉得好玩也不贵, 比较实惠, 绿化很好, 不会觉得热, 表演很好看"
240,无处非中,2019-05-12,"交通很不便, 乡下土路, 尘土飞扬, 拥堵严重, 车很难停进去, 景区还是不错的, 推荐上午去下午回, 我们是下午去的, 还碰上临时大雨, 鸟类表演都取消两个, 小孩喜欢爬行动物馆, 蛇类龟类蜥蜴类丰富多样, 看了鳄鱼和湿地精灵秀, 推荐, 动物和人的距离很近, 触手可及, 鸟类很多, 鹈鹕会追着要鱼吃, 黑天鹅和红鹭也很漂亮, 火烈鸟的异味很大, 如果预报阴雨最好带雨衣进去, 景区雨衣, 一件, 不分大小"
241,159****7788,2018-12-31,"非常开心的旅程, 人也不算多, 就是这几天太冷了, 不然玩起来会更尽兴, 票价不算贵, 就是里面喂的食少了点, 十块钱基本就二十个瓜子, 一会儿就喂完, 一场转下来, 喂食都花了几百"
242,嘎拉苹果,2019-10-04,"取票的时候遇上故障, 去客服那儿搞了半天才取好, 心情打折扣"
243,206****223,2019-09-15,"快中午才到, 景区服务人员都很不错基本所有所有活动都参加上了"
244,M22****6577,2019-09-20,"园区很大, 鸟类品种很多, 适合大人和小孩一起玩"
245,M60****500,2019-09-30,"百鸟飞歌节目好看, 服务周到, 服务人员耐心讲解"
246,121****128,2019-09-24,"小朋友玩儿的很开心, 可以自己喂喂动物, 看表演"
247,_WeCh****45139,2019-09-23,"恩, 值得一去, 和孩子一起去的, 还有朋友们一起"
248,M34****3398,2019-08-05,"还不错, 小孩玩得开心, 鸟种类很多, 特别是鹦鹉"
249,M13****229,2019-02-08,"非常适合孩子, 人比野生动物园少得多, 会江地铁站接驳车来回人少"
250,yl****y,2019-08-30,"非常不错, 适合一家人游玩, 一天比较轻松"
251,320****121,2019-08-30,"很不错, 好玩, 值得一去"
252,奶联天下,2019-02-08,"挺好挺好, 设置合理, 亲子游项目, 尤其是飞鸟长歌确实值得看一下"
253,魔君七夜66,2019-02-08,"可以先到长隆动物园南门, 或者, 号线会江站点, 有免费班车过去, 院内很适合小朋友玩, 特别是喂火烈鸟很值得小朋友玩, 还有很多其他小动物可以喂, 然后还会有很多演出可以看, 稍微带点吃的, 门口查的不严, 藏在夹层里即可"
254,_WeCh****682752,2019-01-30,"票价便宜, 真的值得一去, 就是喂鸟食花了不少钱, 不过孩子喜欢, 真的很不错强烈推荐"
255,M33****5295,2019-09-15,"亲子游, 环境不错, 大人小朋友都开心"
256,M20****915,2019-08-26,"很好, 不错的景点, 值得全家一起游玩"
257,M59****289,2019-08-16,"国内很少有价格这么亲民的大型乐园了, 小孩子们玩的很开心, 园内互动交流体验比较多, 非常值得一去"
258,M23****3286,2019-09-05,"看到许多珍奇的鸟类, 小朋友很兴奋"
259,139****5490,2019-08-15,"很喜欢飞鸟乐园的环境, 工作人员服务态度很好, 地方不大也够悠闲的玩一天了"
260,100****352,2019-09-15,非常棒的一次网上预定门票的经验
261,书影斋清竹,2019-07-28,"鸟类很多, 表演精彩, 值得一K"
262,205****970,2019-07-17,"飞鸟乐园里听动物知识大讲堂, 体验喂动物, 触摸, 观察, 合影, 都成为孩子们难忘的体验和回忆, 愉快, 愉快, 愉快"
263,159****6006,2019-10-06,"小孩子很喜欢, 动物还是可以的"
264,M36****352,2019-05-03,"超出预想, 比较适合小孩玩, 互动节目多, 从动物园北门到飞鸟乐园有免费公交车, 每半个小时可以登车往返北门和南门"
265,206****036,2019-08-12,"感觉还不错, 年开过一次, 这次来, 感觉改变了不少, 还不错"
266,288****748,2019-07-28,"飞鸟飞哥, 天域传奇都挺好看的, 树荫也比较多, 还有一些儿童设施, 挺不错的, 入园食物检查很严格, 除了水, 其他食物都不能带进去, 里面的食物超级贵"
267,davidzeng918,2019-10-28,"干净卫生, 好好好"
268,J312,2019-03-20,"这里的几场动物表演很精彩, 不要错过, 这里是增加鸟类知识的地方, 特别适合儿童参观, 这里是观看飞鸟的好地方, 避免了在自然保护区观鸟太远的缺点, 这里也是拍摄各种珍稀鸟类特写的好地方"
269,_WeCh****863978,2019-10-26,"不错哦, 不错哦"
270,_WeCh****34133,2019-10-16,"很好, 喜欢长隆"
271,206****101,2019-10-26,"挺好的, 不错"
272,_WeCh****550920,2019-10-22,"小朋友很喜欢看, 挺不错的, 去长隆野生动物园都有车子接送, 很方便, 有想法的家长可以安排, 我们不用赶时间, 慢悠悠的在里面转, 玩了一天"
273,183****1839,2019-10-23,"爸妈带孩子去的, 应该还不错, 听说宝贝玩的都不想回家了, 等二宝出来准备以后再带她们去一次, 里面可能主要是飞禽类的多一点吧"
274,伊,2018-12-17,"长隆是一个超大的度假区, 目测比迪士尼, 东部华侨城都要大出不少, 度假区由五部分组成, 飞鸟乐园便是其中非常重要的一个独立景区, 长隆野生动物园早已名声在外, 我从机场过来花了不少时间, 逛动物园怕时间不够, 所以第一站选了规模较小的飞鸟乐园, 结论前置, 个人认为飞鸟乐园比动物园更有趣, 无他, 表演巨多, 五项演出, 每项两场, 天, 一进景区就能看到演出时间表, 所有演出都看了证明飞鸟乐园也就转遍了, 用演出做导引, 真的很有效率, 百鸟飞歌必看, 真的太精彩了, 几十种鸟类陆续登场, 天鹅优雅, 火烈鸟抢眼, 鹈鹕霸道, 老鹰飞起来气贯长虹, 湿地精灵秀观看过程比较放松, 有时惊叹有时捧腹, 过程无比愉悦, 呲牙, 鳄作剧便是训鳄表演, 师傅都是从泰国聘来的, 技法很娴熟, 跟鳄鱼的, 关系, 铁磁, 能让冷血动物乖乖听话, 当世无出泰国人其右者, 飞鸟奇域观看的主要是善飞行的鸟类表演, 大翅一展, 天高任我行, 看得我无比羡慕, 科普讲堂我实在听不动, 小孩子们但是听得津津有味, 主要是讲解员手里有活物, 他们觉得有趣吧, 一圈转下来得三个小时, 一点不觉得累, 全程轻松愉快, 浑身舒泰, 舟车劳顿的疲倦不知不觉间就荡然无存, 取而代之的暖乎乎萌哒哒的好心情, 这心情让我对这座城市又增加了几分好感呢"
275,109****666,2018-11-11,"非常喜欢, 适合全家出游的场所, 家里老老小小都开心, 百年长歌非常震撼, 增加很多知识"
276,138****8833,2019-06-10,"飞鸟乐园鸟儿种类繁多, 还有各种各样的小动物, 蜥蜴, 乌龟, 大蟒蛇等等, 还有表演节目, 其中鳄鱼表演惊心动魄, 园区环境优美"
277,138****8833,2019-06-10,"飞鸟乐园鸟儿种类繁多, 还有各种各样的小动物, 蜥蜴, 乌龟, 大蟒蛇等等, 还有表演节目, 其中鳄鱼表演惊心动魄, 园区环境优美"
278,288****152,2019-10-27,"小朋友秋游的地方, 挺好的, 还不错"
279,暗礁的日子,2019-10-05,"好多人忽略了这个景点, 所以人很少, 但还是很好玩的, 可以让孩子近距离和小动物接触, 可以了解各种鸟类, 是个不错的景点"
280,游走在地上的鱼,2019-09-25,"挺大的一个园区, 带上小朋友一天逛"
281,M22****2086,2019-06-08,"带幼儿园年龄的小朋友很适合, 如果不怎么看表演的话刚好一天参观完, 就是交通非常不方便, 都是开车去, 不能乘坐公共交通"
282,小河马的夏天,2019-09-19,"去过, 次, 带小朋友去挺不错的哈哈"
283,_WeCh****18535,2019-08-18,"比较小的小孩去玩玩的很开心, 大一点就稍稍回觉得单调一点, 鳄作剧表演很刺激好看, 真心不错的一个揭幕哦, 值得一看"
284,sxj147369258,2019-04-08,"非常不错, 感觉比野生动物园好看"
285,喜欢游玩的游客liang,2019-04-12,"朋友送我的票, 之前还不知道有这么有乐趣的飞鸟乐园, 带小孩上午十点到下午五点半还看不够, 实在太棒了, 还来不及玩儿童乐园, 乐鳄鱼恶作剧只在还是步步惊心"
286,花花,2019-07-29,"带孩子来玩, 小朋友很开心, 既可以学到知识, 又十分有趣, 环境也是很好, 给游玩增添了一份享受, 还有精彩的节目"
287,M34****3860,2019-08-17,
288,belle_Ivy,2019-06-02,"比之前的鳄鱼公园更有趣, 可以在里面玩, 一天有很多的表演观看"
289,_WeCh****43453,2019-06-07,"无法抗拒的一次完美旅行, 近距离的一次体验, 真实的互动"
290,_WeCh****55053,2019-09-05,"还可以, 带小孩子去玩, 最吸引的是门口那一条大鳄鱼, 还有很多陆龟值得一去"
291,_WeCh****039970,2019-06-26,"长隆, 景加马戏, 都玩了, 我竟然觉得飞鸟最好, 门票最便宜, 可以和鸟类, 河马, 近距离接触, 真的很近, 几乎可以摸到, 但是我没有看到一个人去摸或者恐吓, 这也是对孩子的一种教育, 随处都有卫生间和洗手台, 顺着进门时发的演出单, 个小时满满的, 还有专业讲解员交我学会区别雄雌鸵鸟"
292,_WeCh****039970,2019-06-26,"长隆, 景加马戏, 都玩了, 我竟然觉得飞鸟最好, 门票最便宜, 可以和鸟类, 河马, 近距离接触, 真的很近, 几乎可以摸到, 但是我没有看到一个人去摸或者恐吓, 这也是对孩子的一种教育, 随处都有卫生间和洗手台, 顺着进门时发的演出单, 个小时满满的, 还有专业讲解员交我学会区别雄雌鸵鸟"
293,smile-0627,2019-05-05,"五一节期间, 不知道去哪里, 朋友推荐长隆的飞鸟乐园不错, 一想就在家门口的飞鸟乐园还没去过, 带孩子和老人家去转转, 真的不错, 性价比最高的长隆园区之一, 可以玩上大半天, 早上, 到园区, 取票入园, 一切都很顺利, 整个园区也不大, 看了鸟类动物表演和鳄鱼表演, 孩子对小鸡如何长大的科普环节很感兴趣, 孩子也喜欢喂小动物, 玩的不亦乐乎, 今次没有去挖沙和探险的儿童乐园, 下次周末还可以再带孩子来一次, 停车方便, 很推荐周末来玩"
294,M23****815,2019-02-01,"地铁, 号线会江站, 出口出来有指示牌, 大概等了, 分钟, 人不多, 有, 龟, 河马, 鳄鱼, 还有很多鸟, 动物园有的鸟这里都有, 午饭, 海鲜牛排炒饭还不错, 比动物园的熊猫餐好吃, 便宜一点, 里面有个儿童乐园, 很多孩子可以攀爬的项目, 孩子很喜欢, 可以悠闲自在的逛一天, 我们只逛了半天, 有点赶"
295,_CFT0****8671,2019-08-13,"总体觉得挺好, 不过飞鸟乐园真心少人游玩"
296,M28****7209,2019-08-11,"值得一去, 小朋友玩得很开心, 还会再去"
297,M51****673,2019-10-02,"我特别想问问携程, 你凭什么非要我发评论呢, 还一定要, 个字以上, 我欠你的"
298,202****826,2019-09-15,"好玩, 适合, 岁以下的小朋友, 好"
299,覆月枯花,2019-07-12,"太好玩了吧, 下午来的人很少, 园区是那种转一圈下来很适合不累的, 有各种互动和科普活动, 不只有鸟喔, 还有蛇蜥蜴鳄鱼什么的, 可以撸蜥蜴和钓鳄鱼, 又刺激又好玩"
300,M13****979,2019-05-12,"周末带小孩去玩的, 太多人了, 不过里面的次序挺好, 带小孩去玩很值, 有, 场动物表演, 其中鳄作剧看得很刺激, 值得推荐"
301,132****1799,2019-08-19,"景区挺好玩的, 是长隆景区最好玩的景点, 放飞鸟的环节特别好看, 科普性强"
302,132****1799,2019-08-19,"景区挺好玩的, 是长隆景区最好玩的景点, 放飞鸟的环节特别好看, 科普性强"
303,樊薇,2019-09-02,"最让我印象深刻的是鹈鹕, 特别是有一只鹈鹕, 很聪明, 经常翻栏, 哈哈"
304,M24****989,2019-02-02,"长隆第一站, 这里没有动物园火爆, 但是还是非常值得一看的, 长隆景区服务非常好, 非常方便"
305,ste****12,2019-08-20,"推荐一下这个地方, 票价比其他几个园都便宜, 各种类型的鸟"
306,_WeCh****56381,2019-08-18,"飞鸟乐园不在长隆里面, 里面鸟的品种还挺多, 孩子挺喜欢的, 好评"
307,提拉米苏-91,2019-06-17,"暑假带小盆友出去玩, 环境不错, 就是儿童乐园太晒, 其他都不错"
308,M14****742,2019-08-09,"好玩, 长隆开发的都是很不错的, 里面以看动物为主, 喂的都要钱"
309,E01****88,2019-02-19,"广州之行很喜欢的一个点了, 春节人也不是很多, 景区工作人员都很热情, 小动物很可爱, 适当带孩子悠闲地玩"
310,186****2280,2019-08-19,"强力推荐长隆飞鸟, 真的不错, 特别是百鸟飞歌的表演, 很棒"
311,M13****458,2019-01-28,"第一次到飞鸟乐园玩, 饱览群鸟, 有一个百年飞歌的表演, 看完就把所有鸟类看一遍了, 人也不多, 值得一去"
312,绿色大白鲨,2019-04-21,"广州长隆飞鸟乐园离长隆野生动物园较远, 地方不大, 游人比较少特别适合游玩, 动物也不少, 可以近距离接触动物, 美中不足是下大雨, 但另有一番情趣, 雨中游船非常好"
313,LinXiaoYing,2019-09-20,"长隆飞鸟世界空气清新, 鸟类种类多, 还有表演很好玩"
314,186****2280,2019-08-19,"值得一去, 特别是低段的孩子, 各种喂, 孩子们很欢喜"
315,ianyyy,2019-07-09,"很喜欢这个乐园, 长隆景区也有短驳车可以去, 里面鸟类很多, 还有各种鸟类表演, 就是吃的不太好吃"
316,M32****203,2019-10-04,"比起野生动物园, 孩子更喜欢飞鸟乐园, 可以喂各种鸟"
317,汪磊a,2019-05-02,"服务很好, 非常适合家庭出游, 天气也不错, 不冷不热"
318,斯诺克萨斯夫斯基,2019-10-07,"带孩子去还是不错的, 再增加多点表演节目就更好"
319,121****128,2019-09-24,"小朋友玩儿的很开心, 可以自己喂喂动物, 看表演"
320,_WeCh****05306,2019-06-25,"长隆旗下门票最便宜的乐园, 有飞鸟和爬行动物, 动物表演非常值得一看"
321,wuy_nankai,2019-02-03,"园区不算很大, 除了各种鸟类, 还有鳄鱼, 河马, 两栖动物, 表演很多, 很精彩, 值得一游"
322,205****998,2019-09-08,"小朋友适合玩, 还不错, 很多各种各样的鸟类"
323,300****346,2019-08-07,"拿票很方便, 直接机器输入手机号和票号即可"
324,ja****r,2019-07-11,"园区挺好, 恰逢雨天, 但是孩子还是玩得尽兴"
325,138****9471,2019-10-15,"可以零距离接近鸟类, 虽然不大, 算有特色"
326,M22****163,2019-10-04,"亲子旅游的很好选择, 小孩子看得很开心"
327,麦兜先生的幸福生活,2019-09-06,"非常好, 来了很多次, 每次都玩的很开心"
328,M23****4511,2019-02-06,"非常适合小孩子玩, 里面的演出也特别精彩"
329,D11****879,2019-09-03,"好玩, 就是好热, 表演人好多, 娃很开心"
330,e31****39,2019-07-29,买贵了
331,欣激扬,2019-07-21,"观赏到许多美丽的鸟精灵, 就是天太热"
332,胖纸有前途,2019-10-25,"还行, 小孩子太小, 等大一点再去玩"
333,虎头熊猫,2019-10-07,"第三次去了, 还是很好, 适合孩子玩"
334,kurea,2019-08-12,"去了几次了, 非常不错, 值得办年卡"
335,M36****352,2019-05-03,"超出想象, 不错的旅行, 值得再来"
336,小肥象,2019-01-30,"挺好的, 值得一游, 大人小朋友都很喜欢, 下次应该会在, 来的, 值得推荐给大家"
337,M44****467,2018-12-31,"飞鸟乐园环境好, 服务好, 我们看了一次飞鸟表演节目, 非常棒, 为训导师点赞"
338,288****813,2019-10-16,"原来鸵鸟有这么多种的, 长见识了"
339,300****170,2019-10-11,"很好玩, 我小孩很喜欢, 很高兴"
340,M23****1690,2019-07-16,"不错, 挺好的, 下次还会再来的"
341,E24****21,2019-02-02,"非常不错, 出票快, 比实体售票优惠, 建议大家都在这里买, 优惠多多, 飞鸟乐园适合大人带着孩子来, 各种表演很精彩, 长隆真是孩子们的天堂"
342,lovehoneydou,2019-08-23,"之前来过, 这次孩子想再来, 这里环境优美都是绿植, 还有鳄鱼表演, 百鸟飞歌, 乘船观鸟喂天鹅醍醐, 还有一个儿童拓展区, 这次多了儿童护具免费的, 下次还回来"
343,花花,2019-07-29,"一家人出游玩的很开心, 环境很好, 绿树成荫鸟语花香, 动物种类很多, 分类很细, 涨了不少知识, 表演也是十分精彩"
344,M31****6035,2019-10-23,"不错不错不错, 还可以"
345,zsxlwqzzyzzh,2019-02-20,"环境很好, 孔雀很多而且特别爱开屏, 非常值得一去的地方"
346,159****7337,2019-02-12,"表演很精彩, 工作人员非常可爱友善热心, 比野生动物园好"
347,sunfishfly,2019-02-06,"很不错的地方, 可以看各种鸟类和小动物, 还有儿童游乐场"
348,Crazyren,2019-10-21,不错很棒哦哦
349,LQ69933,2019-02-18,"感觉一般, 没有动物世界好, 带孩子看看, 可以了解一下"
350,M27****6311,2019-10-18,看了还不错
351,M00****25,2019-08-25,"玩了喂鳄鱼, 喂河马, 和巨嘴鸟拍照, 很赞, 娃很喜欢, 人也不多, 玩的很开心"
352,mei****ycy,2019-01-31,"带小朋友玩还是挺合适的, 可以慢慢悠悠逛一天, 给动物喂食, 看动物表演, 拍点照片, 就是离整个长隆景区有点远, 坐车过去看着周边很偏僻"
353,288****748,2019-07-13,"鹦鹉路, 鳄鱼池, 还有河马, 百鸟飞歌, 都值得一看"
354,U44658****680306,2019-04-06,"园内景点紧凑, 是遛娃的好去处, 打破我们平时看静止鸟的惯例, 表演中可以看到展翅的鸟群, 很是壮观, 对我来说比长隆野生动物园更有亮点"
355,M22****8253,2019-06-25,"意外的收货, 本来行程计划的是可去可不去, 里面的表演非常精彩, 小朋友的活动也都特别好玩, 喂鹦鹉, 钓乌龟, 尤其是钓鳄鱼非常有意思"
356,一脸旺夫相-,2019-05-24,"超级美超级贴近大自然, 环境也很干净"
357,墩墩啊,2019-04-16,"长隆中, 个乐园中最远的, 有摆渡车但不好等时间, 原来是广州湿地公园, 里面东西以鸟类和湿地动物为主, 喂河马比较有特点, 园区比较大"
358,M11****539,2019-03-19,"这次亲子旅行的第一站, 第一次看这么大规模的飞鸟园, 飞鸟表演真的很震撼, 联系规划好游玩路线, 每场都不错过"
359,farrahxia,2019-08-18,"很好, 有很多和小动物近距离接触的机会, 比长隆动物园好, 尤其暑假期间, 长隆动物园人太多, 都没有近距离接触的机会, 这里很好"
360,288****766,2019-07-21,"溜娃好去处, 就是大夏天有点热, 广州太热了"
361,容水火2088,2019-02-08,"性价比在长隆来说是不错的了, 表演节目精彩"
362,猪唛,2018-09-30,"鸟, 可能在城市里能见到的不多, 尤其是成规模的鸟类群, 长隆飞鸟乐园, 充满惊喜的地方, 火烈鸟, 东非冠鹤, 丹顶鹤, 太阳鹦哥, 金刚鹦哥, 双角犀鸟, 鸿雁等各种鸟类带来的, 百鸟飞歌, 确实精彩的鸟类大片, 不看就错过喽, 国庆假期, 庆国庆, 全球国鸟飞起来, 活动一起来玩噢"
363,M37****695,2019-06-19,"个人感觉适合, 岁以下的孩子, 可以边看动物边学习, 科普很有意思, 我还运气好的上去和巨嘴鸟比赛嗑瓜子, 结果我输了, 呵呵"
364,138****8833,2019-06-10,"飞鸟乐园鸟儿种类繁多, 还有各种各样的小动物, 蜥蜴, 乌龟, 大蟒蛇等等, 还有表演节目, 其中鳄鱼表演惊心动魄, 园区环境优美"
365,138****8833,2019-06-10,"飞鸟乐园鸟儿种类繁多, 还有各种各样的小动物, 蜥蜴, 乌龟, 大蟒蛇等等, 还有表演节目, 其中鳄鱼表演惊心动魄, 园区环境优美"
366,KLCHL,2019-06-10,"路很难找, 有导航也会开错路, 小孩砗芎鲜, 里面有很多好看的, 有些鸟类可以近距离喂食, 感觉最差的是餐点, 贵又不好吃"
367,134****1207,2019-05-04,"不错不错不错, 就是孩子喜欢, 原来不叫这个名字, 飞鸟乐园是后改的名字, 园区里最赞的就是喂河马喂鳄鱼了, 惊险刺激五颗星"
368,y1****y,2019-02-18,"公园不大, 鸟类很多, 还有各种互动"
369,zixianyiyi11,2019-01-21,"值得一看, 特别是百鸟飞歌, 火烈鸟, 仙鹤, 天鹅, 大雁, 空中与天空交织的一场立体画面太壮观了, 简直让人恍若身临仙境"
370,M40****603,2019-07-26,"个人感觉飞鸟乐园比野生动物园好玩, 人不是太多, 表演挺多也不用抢座, 孩子也喜欢, 玩了大半天也不累, 喂火烈鸟特别推荐"
371,嘟嘟一家嘟嘟妈妈,2019-02-15,去过野生动物园就不用去这里了
372,_WeCh****817649,2019-02-03,"带孩子慢慢玩可以玩一天, 性价比高"
373,205****970,2019-07-17,"飞鸟乐园里听动物知识大讲堂, 体验喂动物, 触摸, 观察, 合影, 都成为孩子们难忘的体验和回忆, 愉快, 愉快, 愉快"
374,lindachan22,2019-09-01,"还可以, 是带孩子出门学习的好地方, 环境优美, 生态宜人, 是旅游的好地方"
375,M54****029,2019-07-28,"小童票和在现场买是一样的价格, 只是不用排队, 但是飞鸟乐园人不多, 听滴滴师傅说是原来的鳄鱼乐园改成了飞鸟乐园"
376,门头沟巴德,2019-02-12,孩子很喜欢主要以鸟类为主
377,m28****7918,2019-02-10,"可能是园区交通不是很方便, 所以游人相对较少, 园区能近距离观赏各种珍稀鸟类, 工作人员服务态度很好, 值得游玩"
378,M61****988,2018-08-13,"各种各样的鸟类, 居然还有鳄鱼, 几个表演没有全部看到, 为了赶时间看, 点的马戏, 有些遗憾, 不过最喜欢鹦鹉, 种类多, 女儿还体验了喂食鹦鹉, 玩得很开心"
379,M32****2292,2019-08-16,"虽然有点热, 但周围有很多吃的地方就是不错不错不错不错不错不错不错不错不错不错不错不错不错不错不错的地方"
380,M22****2086,2019-06-08,"太远了, 不过比想象中好, 比较悠闲, 带着学前儿童比较适合, 里面的饭虽然贵, 但份量很足, 年前去人不多挺好的"
381,M11****539,2019-03-19,"这次亲子旅行的第一站, 第一次看这么大规模的飞鸟园, 飞鸟表演真的很震撼, 联系规划好游玩路线, 每场都不错过"
382,ste****12,2019-08-20,"还是不错的, 价格比较实惠, 小孩子喜欢这个地方, 比较推荐带小孩的去玩哦"
383,_CFT0****7494,2019-08-12,"这次飞鸟非常精彩, 很多珍稀的鸟类, 小孩也很喜欢, 感觉来这里很值的希望可以下次再来一次感受大自然的壮观"
384,M22****7061,2019-02-07,"取票很方便, 寄存行李免费, 很人性话, 个人感觉比野生动物园好很多, 有爬行动物馆, 夜行馆, 鳄鱼岛, 河马池, 正赶上河马喂食, 看到河马王太能吃了, 特喜欢吃南瓜, 儿子很喜欢看, 午餐也比野生动物园便宜一半, 挺好, 还有各种鸟类, 品种多样"
385,M24****631,2019-04-16,"飞鸟乐园的确不像长隆亲生的, 人很少, 一度以为包场了, 百鸟飞歌真的很美, 尤其是火烈鸟集体出来的时候, 鸟类和小型动物多, 适合小一点的宝宝"
386,E33****71,2019-02-11,"高性价比, 无论是门票还是里面卖的东西价格都比野生动物园便宜很多, 动物也不少, 还有表演看, 很有趣"
387,M25****8896,2018-10-04,"还不错, 以为很小, 但却在里面累死, 出不来的好玩"
388,Jane悟空,2019-01-30,"地铁会江出等免费巴士到园区, 算了一下巴士大约, 分钟一趟, 园区里面值得一去"
389,_WeCh****03506,2019-02-19,"园子设计的很人性化, 可以非常近距离接触动物, 各种互动活动很丰富啊是个休闲的好地方"
390,水中鱼,2019-05-02,"还不错, 喜欢飞鸟表演"
391,y****fe,2019-02-16,"非常值得去的一个景点, 动物表演一个接着一个, 鹦鹉, 朱q, 丹顶鹤, 河马, 数不尽数, 非常可爱, 尤其是孩子们, 大人也觉的很新奇, 想把所有表演都看遍太赶了, 也很累, 得提前做个取舍, 个人建议湿地精灵秀和百鸟飞哥值得推荐"
392,ji****_qd,2018-06-17,"各种蜥蜴和变色龙是孩子的最爱, 饲养员个个, 对于孩子提问不厌其烦的有问必答, 在饲养员的陪同下孩子可以轻触蜥蜴, 鳄做剧很坑, 表演中会要观众捐钱, 鳄鱼湾喂鳄鱼很过瘾, 虽然小贵看到鳄鱼跳跃咬食物也很过瘾, 还有喂小羊小鸡鹈鹕等价格也合计, 还会再来"
393,花花1981,2019-02-10,"这里非常不错, 种类很多, 各种表演活动非常震撼, 门票还便宜, 非常适合带孩子玩儿"
394,_WeCh****435653,2019-07-10,"真有意思的地方, 带孩子来呆大半天刚好"
395,cheqix,2019-05-12,"性价比很高, 动物表演很精彩, 孩子喜欢的小动物很多, 还能零距离接触, 体验感不输长隆动物园, 很不错, 性价比"
396,M30****144,2018-10-03,"适合一家人游玩, 园区内环境优美, 就是吃的方面有点不足, 不过总的来说还是挺好的"
397,卡卡0916,2019-02-13,超棒
398,_WB1****291,2019-08-28,很有意思
399,M22****0467,2019-02-10,"特喜欢, 互动很强的公园, 比野生动物园好玩, 带幼儿园的小朋友玩非常合适"
400,158****9560,2019-06-01,"不怎么样, 不值得去, 到处都是喂食"
401,vanhel,2019-05-11,"鸟类很多, 还有鳄鱼可以看, 就是园内的食物相比野生动物园, 比较一般"
402,M23****3277,2019-06-15,"一家四口之旅, 增长见识, 见多识广, 非常棒的主题乐园, 还会再来哦"
403,Zhangjch,2019-02-21,"其实表演并不好看, 建议进去按照自己的节奏一路看, 不然赶的要命"
404,liuli****0727,2019-01-24,"坐摆渡大巴车去的路上, 本来对这里不抱希望, 没想到这里这样好, 环境非常好, 鸟语花香, 还有很多人工讲解鸟类的习性, 态度也都很好, 真的是很不错的地方, 只可惜下午要去珠海, 不然应该溜达一天"
405,ZT15****0256,2019-05-31,
406,张照片故宫,2019-06-27,"一个看鸟的好去处, 而且有专门的巴士在地铁口接送哦, 非常贴心"
407,M27****1794,2019-08-06,"园内环境干净整洁, 服务生服务热情好客, 鸟语花香, 仙气飘飘"
408,王晶a,2019-03-27,"虽然长隆动物园名气很大, 但是我们都更喜欢飞鸟园, 明天准备再去一次"
409,kenzhao,2019-02-11,"票价比较便宜, 表演非常好看, 儿童拓展区也很好玩, 推荐"
410,M40****599,2019-08-29,"品种很多, 表演也很精彩, 很值得小朋友们去学习"
411,E37****31,2019-07-21,"百鸟飞歌很值得一看, 鸟类品种很多, 还有很多科普知识"
412,118****521,2019-02-19,"春节期间, 长隆野生动物世界人满为患, 反倒第二天在飞鸟乐园, 孩子们充分享受了与小动物近距离接触的机会, 除了鸟类, 这里还有很多别的动物, 还在儿童乐园玩儿的不亦乐乎, 舍不得走"
413,M13****46,2019-01-31,"非常好, 小孩能近距离接触小鸟, 也看了好多鸟类和表演"
414,M25****7901,2019-02-25,"飞鸟乐园其实挺好的, 就是去的人不多, 离长隆比较远"
415,M53****419,2019-01-15,"好开心, 假期好去处, 陪孩子去的, 玩到不都不想回家"
416,wuliang20050301,2019-06-15,"很多小动物, 又可以看表演, 小朋友最喜欢去的地方"
417,_WeCh****15215,2019-02-13,"总体不错, 表演很好看, 有六场, 要规划好时间"
418,134****4671,2019-02-10,"带小朋友的好去处, 环境很干净, 表演也很精彩"
419,长鼻大象,2019-08-16,"人很少, 环境很好, 很休闲, 能远离人群的景点"
420,张照片故宫,2019-07-17,"取票很方便, 有专门接送的大巴, 园区还可以"
421,_WeCh****361922,2019-06-20,"鸟类很丰富, 表演很好看, 适合带着孩子的去看"
422,M25****7901,2019-02-25,"飞鸟乐园挺好的, 离长隆比较远, 去的人不多"
423,159****7337,2019-02-12,"鸟种类多, 表演精彩, 工作人员很热情有爱"
424,M30****1677,2019-02-11,"还可以吧, 如果时间充足可以带宝宝去看看"
425,食行天下旅行家,2018-10-10,"飞鸟乐园不在长隆旅游度假区内, 从长隆酒店门口坐度假区内的接驳车需要大约, 分钟左右到达, 这个乐园的前身是鳄鱼公园, 现今发展为以展示各种珍稀鸟类生态为主的湿地公园, 去的时候虽然是平日, 但是里面人很多, 主要是有很多学校的孩子在老师的带领下过来参观, 飞鸟乐园里有很多珍惜的湿地鸟类, 光仙鹤就有丹顶鹤, 黑颈鹤, 白枕鹤等六种之多, 还有火烈鸟, 鹈鹕, 鹦鹉, 鹰, 天鹅, 孔雀等鸟类和象龟, 巴西龟等一些两栖爬行动物, 另外作为原来的鳄鱼公园, 这里的湿地里还有大大小小的许多鳄鱼, 这里的鳄鱼都是散养在水里, 游客可以在栈道上租个鱼竿, 把肉穿在绳子的一头, 放到水面上喂食鳄鱼, 这里的专场表演很值得一看, 特别是以展示乐园里各种主要鸟类的百鸟飞歌和展示训鳄员与鳄鱼互动的鳄作剧最为精彩, 这两个表演都是上下午各演一场, 所以一定要留意园区的表演时间表, 总体来说感觉很不错, 乐园里面餐厅很多, 选择多样, 鸟类数量多品种多, 品质也好, 还有一些关于鸟类和爬行动物知识的讲解和介绍, 寓教于乐"
426,存珙,2018-10-04,"进门的右手边有本园地图哦, 可以寻着地图上孩子喜欢的动物逐园观赏, 动物表演每天都有固定时间表演, 鳄作剧, 百鸟飞歌, 飞鸟奇域, 湿地精灵秀等建议安排好时间来观看, 其实这个园区不大, 半天时间仅够哦, 园区里的鸟里都是散养的, 没有任何笼舍, 跟野生动物园一样, 都是科普类园区, 教育孩子们如何爱护, 保护动物, 整个长隆的保育工作是国内很多公园所不能比拟的, 园区的动物宝宝们都好多, 且在小动物乐园前方有很多育幼室, 小鳄鱼, 小鸸鹋, 小鹈鹕不仅有蛋, 还有好小在温箱里的宝宝, 园区的鸟, 鳄鱼, 河马, 小羊, 小鸭等都可以购买食物投喂, 价格比野生动物园便宜些, 大多数都是, 元, 景区内环境也不错哦, 鸟语花香, 有人工制造热带雨林的水雾, 水池是建在路边的, 有大人还孩童两种高度, 卫生间内也是没有异味的, 交通也不错哦, 园区门口有通往长隆和地铁站的免费乘坐大巴士, 且有班次时间, 大家一般都是有序乘车的, 整个游园过程, 我们家的小家伙都没抱怨累哦, 一个劲夸赞小动物们很棒, 说她长大以后会再次带我来长隆玩, 窃喜, 真的是值得带孩子来科普爱护动物的园区"
427,M28****3230,2018-08-08,"很棒的一个地方, 度的天气园里随处有喷雾降临, 不会很热, 不经意间你会发现各色鹦鹉在你旁边的树上, 服务人员会为你讲解, 百鸟飞歌很棒, 驯兽师好厉害, 及时奖励鸟儿们, 鹈鹕好多, 果汁较动物园便宜十元, 天鹅投喂较动物园便宜十元, 一个下午可逛完"
428,300****709,2019-07-15,"小孩很高兴和鹦鹉玩耍, 动物表演很精彩"
429,_WeCh****00561,2019-02-09,"工作人员热情, 旅途愉快, 期待下次再去"
430,150****7555,2019-02-09,"景区比较大, 鸟类种类繁多, 有机会再去"
431,e31****39,2019-07-29,买贵了
432,M96****27,2019-07-17,"很棒, 百鸟表演非常棒, 孩子玩的很开心"
433,_WeCh****754525,2019-06-14,"超级赞值得一看, 环境也好, 舒服, 宽敞"
434,_WeCh****686759,2019-02-10,"不枉此行, 有很多的鸟都没有见过, 超值"
435,_WeCh****588525,2019-08-18,"网上提前预购, 凭码取票不是身份证"
436,M25****9630,2019-07-18,"好玩, 小朋友开心"
437,yuxixiaojunchao,2019-02-13,"非常值得去, 朱q和火烈鸟非常漂亮"
438,136****2792,2019-02-10,"比官方价格便宜些, 有优惠, 不错不错"
439,CTbear,2019-02-12,"不错, 值得推荐, 来广州必去之地"
440,y****19,2019-02-09,"性价比很高, 孩子很喜欢, 非常满意"
441,ze****dl,2019-02-09,"取票很方便, 比现场买票还便宜一点"
442,ze****dl,2019-02-09,"取票很方便, 比现场买票还便宜一点"
443,M30****639,2019-02-08,"好玩, 一年来一次, 广州很好, 喜欢"
444,赵锋利南携绑定号,2019-02-02,"很好, 小朋友很喜欢, 期待下次再去"
445,峰哥不是我,2019-08-24,"环境好, 人不多, 降温措施好, 推荐"
446,201****569,2019-08-23,"很多鸟是孩子们平时见不到的, 不错"
447,M19****586,2019-08-07,"适合比较细的小朋友, 愉快的一天"
448,M34****8235,2019-08-07,"好, 小朋友很开心哦, 推荐去玩啊"
449,daj****hao,2019-06-20,"非常好, 取票省时方便快捷, 推荐"
450,_WeCh****54381,2019-09-01,"非常赞, 有下次, 老少咸宜, 不错"
451,冉冉,2019-08-29,"时间紧, 有的没玩到, 下个假期见"
452,_WeCh****572285,2019-08-13,"跟以前一样很好玩, 崽崽很喜欢"
453,StanIry,2019-06-15,很适合小朋友了解动物的好地方
454,M57****775,2019-01-21,"非常好, 很多表演, 很值得一看"
455,288****543,2019-04-04,"服务很好, 减少了排队的等候, 非常方便, 价格也便宜不少, 下次继续在这里买, 游玩很开心, 儿子很高兴, 老婆很高兴"
456,136****1089,2019-04-11,"值得推], 尤其表演非常有趣味, 有很多小游锉硌菀灿写篪B表演, 去^状瘟, e面有些f了, 有希望的r候δ切┠窭嘤坌囊稽c"
457,DanmengLu,2018-08-25,"带孩子看看还是很不错的, 都是比较特殊的鸟类哦"
458,先苦后辣,2018-08-15,"很适合带宝宝来玩, 鸟的品种很多, 从大到小, 演出很精彩, 美中不足的是里面东西太难吃, 而且价格贵"
459,_WeCh****2266,2018-08-20,"这里离长隆野生动物园, 公里, 从那里可以在动物园南北门坐摆渡车过来, 也可以在地铁会江站坐摆渡车过来, 园区不大, 游人不多, 趣味性强, 从, 点开始一个节目接一个节目, 时间安排好, 孩子非常喜欢, 特色项目, 船游湿地, 这个项目不包含在门票里, 大小同价, 一位, 喂食鹈鹕和天鹅需要另买食物, 鹈鹕, 天鹅, 元, 其他动物喂食也有, 大概, 元左右, 虽说孩子每种动物都想喂, 但是挑个两三项完全没问题, 园区还有一个儿童区和小动物区让孩子玩耍, 总的来说, 体验非常不错, 如果有专业拍照的家人通行, 一定能拍到好照片"
460,两只喵星人,2018-08-26,"里面有个湿地精灵馆, 有些动物比较细, 加上动物有保护色, 我找了很久都未找到动物躲在哪个角落, 但小朋友好享受这种找动物的感觉, 园区里有很多场动物秀, 小朋友也是比较喜欢看的, 还有喂养动物都挺有趣的"
461,150****7555,2019-05-10,"景点不错, 表演不错, 有机会再去"
462,wanlilucy,2019-04-16,"单独出来比之前要好很多, 动物很多, 表演也不错"
463,范有财135,2019-02-11,"带孩子玩的非常开心, 错峰出行比较不错"
464,findtwo,2019-02-14,"长隆的都比较好玩, 就是价格小贵, 性价比不高"
465,D11****879,2019-05-03,"带娃去玩很好玩, 就是太晒了, 飞鸟表演很震撼"
466,Uyan,2019-05-25,"鸟的种类繁多, 有熟悉的, 也有不熟悉的"
467,邦德,2019-05-03,"鸟类非常多, 绿化很好, 鸟类表演节目震撼"
468,_WeCh****944010,2019-05-27,"很值得去, 门票便宜, 人少, 园区项目也挺多的呀, 孩子玩的开心, 最重要是找到了一间非常好的酒店给孩子休息, 非常满意的路程"
469,_WeCh****2266,2018-08-23,"值得一去的地方, 喂动物是最大的乐趣"
470,小七月朋友,2019-05-18,"值得推荐, 物美价廉家, 性价比很高"
471,_WeCh****05306,2019-03-01,"非常不错的动物乐园, 虽说是飞鸟, 里边还有爬行动物, 有各种表演, 游乐设施"
472,_CFT0****2715,2018-12-23,"还是挺好玩, 很适合带小朋友去玩"
473,_m13****4898,2019-05-04,"飞鸟乐园正像宣传的, 看鸟飞的地方, 鸟真的是散养的, 让人觉得与突然很亲近, 特别适合小一点的孩子游玩, 总之很值"
474,孟树树,2019-01-30,"非常适合亲子游, 同时学到很多动物知识, 收获很大, 一天时间基本可以畅游, 交通位置还可以, 景区设施也比较齐备"
475,M47****591,2018-10-16,"种类挺多的, 表演也很有新意, 蛇, 蜥蜴, 鳄鱼, 河马等等很多, 就是开车去的路上有点类似于小路, 走的太慢了, 总体来说情况还是比想象中要好的"
476,_WeCh****99310,2019-05-21,"很不错, 虽然离长隆景区远一点, 但是孩子很喜欢, 尤其表演节目, 都比较喜欢, 还有互动, 有小礼品"
477,denise122,2019-01-27,"很好, 鸟的种类很多, 表演也很多, 小朋友玩的很开心"
478,CONSTANC,2018-10-03,"挺好的, 很适合带孩子玩儿, 地方不太大, 但也不小, 个表演项目都不错, 尤其是鳄鱼, 百鸟齐飞和剧场, 很值得看, 十一人也不是特别多"
479,麒麟之神,2019-02-05,"园内景色宜人, 鸟类数量众多, 喂鹈鹕, 鹦鹉, 河马是小朋友感兴趣的事, 可惜的就是冬天不能钓"
480,M29****4146,2019-01-27,"人相对少些, 到处都是树, 鸟儿们一群一群散落在树上, 大部分没有网子或笼子, 感觉很放松"
481,_WeCh****49173,2018-10-03,"感觉不错, 让孩子感受到了很多鸟类的知识"
482,M25****2917,2018-08-15,"说一下飞鸟乐园, 大概是几个园区最偏僻的地方, 如果想看节目最好还是早点去, 第一个节目是, 点钟的, 差不多十一点钟才去, 赶上看百鸟飞歌, 还是很精彩的, 相比野生动物园, 人要少很多, 可以悠闲的逛逛, 几个表演也很精彩, 有互动, 还是很适合小朋友的"
483,Dennisfedeline,2017-11-18,"搭地铁到会江站, 有长隆的专车大巴接送, 这里环境不错, 鸟类, 小动物, 爬行动物等都很生猛活泼, 看得出饲养员有在用心照顾, 检查包包蛮严格的, 避免你带食物进入, 再来, 里头的食物价格不合理, 表演场地太小, 容不下太多人, 整体还不错的, 就是周末假日太多人了, 可谓人比鸟多, 好不热闹, 已经忘记自己是来看人类, 还是鸟类, 再来, 不良家长带着小孩不停拍打玻璃以吸引鸟类的注意, 说好不能投喂, 一群幼儿园老师却, 以身作则, 带领着小朋友不停给鸟类投喂各种食物, 简直是人不如鸟"
484,露小姐爱旅行,2017-09-04,"超好玩的游乐园, 比长隆野生动物园更好玩, 我给有趣的动物们起了很适合他们的名字, 希望他们在园中有个幸福的生活, 人不多, 很多动物都可以近距离接触, 两栖动物馆, 很多奇特的蛇, 蜥蜴, 乌龟和青蛙, 以及很多有趣的鸟, 各种各样的, 最好玩的还是巨嘴鸟, 可以跟巨嘴鸟合影, 巨嘴鸟停在你手上, 距离很近, 太可爱了, 还有很多表演看的, 进园先看节目表, 我看了小猪跳水, 还有鳄鱼表演, 泰国人的表演秀, 很不错的, 强烈推荐的一个游玩之处"
485,M30****4091,2019-02-17,"小型动物园, 主要鸟为主, 河马, 鳄鱼, 羊, 牛, 还有个蛇和乌龟馆, 玩半天还是可以的"
486,亲亲亲亲茜茜,2019-01-14,"几个长隆里面环境相对陈旧的一个, 但是长隆的经营理念都是一样的, 所以还是不错的"
487,M27****0448,2019-04-17,"门口游客中心可以免费寄存行李, 里面有一片儿童游玩拓展区域, 很好玩, 飞行奇域等动物表演都很精彩, 投喂鸬鹚, 鹈鹕, 天鹅, 鹦鹉, 小鸭等动物都是, 元一份, 价格实惠, 小朋友玩的很开心"
488,_WeCh****595787,2019-02-13,性价比很好玩的很开心非常适合孩子们完
489,M46****801,2019-02-17,"提议先去飞鸟乐园, 百鸟飞歌非常壮观"
490,dadypig,2019-01-03,"很好玩, 很多表演, 并且会有各种免费讲解, 学习到了很多相关知识, 餐点有点贵"
491,希望再见,2018-05-24,一家四号带小朋友们过去玩得很开心
492,300****384,2019-01-22,"人类喜欢动物有时候又任性的破坏环境, 鸟类飞翔才是自然的样子, 美得不做作"
493,288****543,2019-04-04,"服务很好, 减少了排队的等候, 非常方便, 价格也便宜不少, 下次继续在这里买, 游玩很开心, 儿子很高兴, 老婆很高兴"
494,M28****7762,2019-01-29,"带着孩子连赶节目再逛, 溜溜转了一天, 孩子很喜欢, 吃喝小贵, 喂动物贵"
495,意大利凌统,2019-04-15,"朋友带着儿子去的, 为了不让同事看到照片都没法, 害得我没法给大家带去更直观的感触, 不过长隆肯定让大家不虚此行"
496,ka****n03,2019-02-06,"第, 次去了, 带外地的朋友过来, 小朋友玩得很开心"
497,Sotto5stelle,2018-12-13,"鸟儿很多, 美得惊艳无比, 百鸟欢歌, 鳄作剧和鹈鹕之家的表演都很精彩"
498,118****426,2019-02-01,"最喜欢的公园, 安静, 服务好, 百鸟飞歌太漂亮了"
499,M56****168,2018-12-27,"非常值得去的地方, 里面还有给小动物们喂奶喝, 飞鸟的表演也特别美丽"
